{"type":"FeatureCollection","crs":{"type":"name","properties":{"name":"urn:ogc:def:crs:OGC:1.3:CRS84"}},"features":[{"type":"Feature","id":0,"properties":{"BoroCode":5,"BoroName":"Staten Island","Shape_Leng":330385.03697,"Shape_Area":1623853249.91},"geometry":{"type":"MultiPolygon","coordinates":[[[[-74.05050806403247,40.566422034160816],[-74.05080326895583,40.566052200461144],[-74.05067916748614,40.5663108457364],[-74.05107500361558,40.56667921109247],[-74.05050806403247,40.566422034160816]]],[[[-74.05314036821109,40.577702715545755]]],[[[-74.15945602438188,40.641448333324036],[-74.16111242522175,40.641835453737215],[-74.16147514233904,40.644101526465526],[-74.15755898947859,40.64323477816574],[-74.15848495839128,40.64253846688575],[-74.15945602438188,40.641448333324036]]],[[[-74.08221272914938,40.64828016229008],[-74.07899546333259,40.648142554422414],[-74.07359107919278,40.64499892804299],[-74.07341838754058,40.64548847917829],[-74.07342590747642,40.64500056851519],[-74.07261232795732,40.644675290585056],[-74.0725862304329,40.644530414249864],[-74.07165829759785,40.64503374643502],[-74.07197701848997,40.64418139905795],[-74.07177075212527,40.64377205483534],[-74.07125775124955,40.643344119756975],[-74.07130787990518,40.64322113269777],[-74.07032923715391,40.6425261281323],[-74.06998354653953,40.64106894311679],[-74.07182934715884,40.640890733650515],[-74.0729319987184,40.63841448843019],[-74.0726063279755,40.638136308347],[-74.0732402072255,40.63661891979113],[-74.07282315707195,40.63658032340693],[-74.07298474612325,40.63030897898144],[-74.07229223080012,40.62715170770658],[-74.07091706977361,40.6226564296304],[-74.0704477572997,40.62208902217427],[-74.07006471960443,40.621510011792274],[-74.06987800332105,40.62135109869917],[-74.06720519104834,40.61945540554291],[-74.06557280841213,40.61927454359993],[-74.06425721751593,40.61817168758555],[-74.06373570714021,40.61677112113415],[-74.06103942014866,40.61359054933764],[-74.06000850450059,40.61203838063158],[-74.06004736821694,40.612721594064666],[-74.05953306749004,40.61171425506942],[-74.0589216345503,40.61105605540064],[-74.05737570322849,40.6089619482392],[-74.05601041410877,40.60678056613199],[-74.05510403532165,40.606588410671556],[-74.05402039959057,40.604934720916276],[-74.05308691752427,40.60180212242054],[-74.05340618556734,40.600834631900184],[-74.05240319632735,40.59986949892353],[-74.05271736633533,40.59985447244888],[-74.05972690577234,40.593908216712705],[-74.06454186133776,40.58843399239423],[-74.07096310182047,40.58318199040259],[-74.07482318784562,40.57909893296429],[-74.074635887727,40.57904635184811],[-74.0744889950446,40.57893201027271],[-74.07429351108706,40.57883581675246],[-74.0741262857486,40.578775243730064],[-74.07398791515536,40.57865541796498],[-74.07375993347111,40.578582498899436],[-74.07362722877569,40.57848561507881],[-74.07346627066259,40.57838568589738],[-74.07334849309817,40.57846557791992],[-74.073302911587,40.57842857795856],[-74.07334004853423,40.57831484190797],[-74.07338704462866,40.57826073436713],[-74.0735273490354,40.57819273052712],[-74.07357563510102,40.578230789800315],[-74.07360222645723,40.578385973305785],[-74.07446028819837,40.578839360423515],[-74.07620499324032,40.57812661339822],[-74.07631467297801,40.57789861362753],[-74.07673747616744,40.57737250932543],[-74.0805028914751,40.57498045871062],[-74.08619244366443,40.5685646205922],[-74.09054960106334,40.5670835972113],[-74.09571191999137,40.56275086940127],[-74.09723420757025,40.561119586719194],[-74.09829030823703,40.559332614156816],[-74.098764154809,40.55942355165086],[-74.10160202986732,40.55680345871942],[-74.10508907947455,40.55323546801067],[-74.10656361101267,40.554186927547974],[-74.111203262018,40.55019042824327],[-74.11523058951698,40.547599497855636],[-74.11580699961866,40.5477388704287],[-74.11697706667307,40.547626711233946],[-74.11841349369192,40.54700484623083],[-74.11948690777868,40.54569180329385],[-74.12046386191157,40.54527263089338],[-74.12182696879647,40.54512912199724],[-74.1361884899335,40.529620796687226],[-74.13874252524634,40.52984327695436],[-74.13899666667376,40.53080021004378],[-74.14062281785377,40.53447308757025],[-74.1401520619739,40.535427067147864],[-74.13801169425402,40.535203305981234],[-74.13340691483276,40.535898114922496],[-74.13317235975293,40.53635519822346],[-74.13135956321447,40.53787521524049],[-74.13183905268438,40.53786826969184],[-74.13178520730726,40.53780229125162],[-74.13193499515845,40.53751379882872],[-74.13227873270831,40.53764296083441],[-74.13224717384064,40.53727022595483],[-74.13299485796232,40.53717454873381],[-74.13261491537894,40.53694581083258],[-74.13291844847338,40.537091705884464],[-74.13304340527388,40.536720023929256],[-74.13304651887567,40.53669273801734],[-74.132775131135,40.53751983512561],[-74.12993843189788,40.53994713555821],[-74.12984555503499,40.53932685696156],[-74.13000272814955,40.5391723936585],[-74.13056304824933,40.53895700958233],[-74.13048528360619,40.538758916255226],[-74.13098497193293,40.53875918226422],[-74.13072485772098,40.53855750911837],[-74.13129293456264,40.53847704667753],[-74.13106488337274,40.53826616283554],[-74.13170084809323,40.538261123553525],[-74.13086625286712,40.53816441458346],[-74.1275631496244,40.54145397753051],[-74.1276014602688,40.54322278224507],[-74.12798968390742,40.54348434363107],[-74.12901864630726,40.5450592417628],[-74.13056711582485,40.54619365521265],[-74.1332590565453,40.5468472513372],[-74.1354231236101,40.546574298494505],[-74.13702342911235,40.54588496435269],[-74.13694478446449,40.54559212716762],[-74.13652810778225,40.54520902182314],[-74.13643917174416,40.54509186194523],[-74.13741543591891,40.54549531581421],[-74.13673370161382,40.544803742023824],[-74.13747166103316,40.54541147405331],[-74.13806608226771,40.545913341314716],[-74.13886951340419,40.54513019760726],[-74.13845820251461,40.5447505435395],[-74.13775620755672,40.54414492877817],[-74.13811742545273,40.54447334940132],[-74.138580529965,40.54479705832047],[-74.13884074587877,40.54458919319258],[-74.13828211671826,40.54419475020526],[-74.13793218253991,40.543998407389104],[-74.13941436189049,40.544231634439605],[-74.13915187461558,40.54444000152949],[-74.1392695268101,40.544323539170385],[-74.13890743048374,40.54432897553266],[-74.13919553562484,40.544085465129214],[-74.13889225032639,40.54413087320302],[-74.13882839412234,40.54415924124666],[-74.13862864217221,40.54396773640725],[-74.13852286706917,40.544014554387054],[-74.13853996268433,40.54358792869272],[-74.13820667267076,40.54377367836004],[-74.13850743574895,40.543564898857724],[-74.13859005306276,40.543450340366604],[-74.13930377144469,40.54408560292586],[-74.13870632397281,40.543291410834385],[-74.13986496495077,40.5437368233214],[-74.14039544536475,40.543989016695434],[-74.14021461687787,40.543721231891986],[-74.13978359729653,40.54341077311186],[-74.13943356778361,40.543036067580964],[-74.1396938075888,40.5433113471639],[-74.1402957194717,40.543640457155504],[-74.13993952959311,40.5431354490045],[-74.13938711756552,40.54284377065681],[-74.13989432782363,40.54306829616035],[-74.14042171459108,40.542964045543144],[-74.13963169074168,40.542541097566186],[-74.14125673409745,40.54315014688868],[-74.14032683633258,40.542235057997544],[-74.14129718766547,40.543061288683724],[-74.14112375946446,40.54260461374513],[-74.14104399349507,40.54238680419942],[-74.14046378256694,40.542127442535914],[-74.14067998093049,40.54190859297103],[-74.14121924204689,40.542480218252905],[-74.14164911303291,40.54232152214278],[-74.1418126777277,40.542186769359056],[-74.14203829206139,40.5422871758197],[-74.14225730330143,40.542294984338696],[-74.14230242077372,40.542228041154786],[-74.14223598422807,40.54214663258342],[-74.14219151688194,40.54198317028685],[-74.14226781138116,40.541836654700404],[-74.14235307835462,40.541675390471084],[-74.14233794435442,40.54151264775116],[-74.1424477721831,40.541403536319436],[-74.142473414127,40.54132273281902],[-74.14241999563224,40.541228259432806],[-74.142322834615,40.54111296866205],[-74.14220044485792,40.54095101971876],[-74.14227115484998,40.54081395923543],[-74.14218280538185,40.54073430601738],[-74.1420368705712,40.54064273786169],[-74.14204236545186,40.54056222507659],[-74.14205923897906,40.54048517480092],[-74.14194144744998,40.54037744976182],[-74.1419087088378,40.54028909289496],[-74.14186814079495,40.540162207369335],[-74.14177884532403,40.54009258621547],[-74.14179629277619,40.54004417640594],[-74.14186788489329,40.54002335241722],[-74.14188221952342,40.53993160418677],[-74.14183237875207,40.53978577321748],[-74.1418814475652,40.53969914987986],[-74.141728926513,40.53933948409703],[-74.14233831577491,40.53894919040834],[-74.14219794712493,40.538091055497546],[-74.1412374249006,40.53721561760868],[-74.14364984461062,40.537226990035556],[-74.14428108600727,40.5365674030764],[-74.14580277253107,40.53564765454675],[-74.14977717489462,40.53388786980671],[-74.1502424780305,40.53291819300965],[-74.15145035861136,40.53259535089081],[-74.15170239071531,40.53232228670501],[-74.15185337744487,40.532164021023306],[-74.15218061639555,40.53214220447675],[-74.15383974058724,40.530956754851736],[-74.15422643744485,40.53065859512646],[-74.15464111999903,40.530334638424314],[-74.1556478233932,40.52964298409564],[-74.15618731852453,40.528611371594224],[-74.15864056291045,40.52811707209727],[-74.16005554683682,40.52734493811429],[-74.16146412139041,40.52705954974587],[-74.1620979686216,40.52715697375603],[-74.16276280751588,40.52694471328186],[-74.16346849035499,40.526528296935524],[-74.1640718908812,40.52629215125518],[-74.16829560779424,40.52394986811019],[-74.17007269489402,40.52302655162229],[-74.17103027207953,40.52352912247983],[-74.17759969447052,40.51930919521525],[-74.1776079839143,40.51923356475421],[-74.17886114175504,40.520043665921804],[-74.17923526101626,40.519982071658745],[-74.17943716601994,40.52031477241972],[-74.18115760502828,40.52069211651068],[-74.18325813603738,40.5198526566617],[-74.18779042528429,40.51701297008375],[-74.1888440421303,40.51510335241158],[-74.1888523297327,40.51508236137743],[-74.19162047377633,40.513263554592776],[-74.19330807318325,40.51170952195665],[-74.19622240829706,40.50986400223225],[-74.19779154531982,40.5107384368246],[-74.19908132418703,40.51134763354038],[-74.19971168422512,40.5114655770045],[-74.19936127407833,40.513010194432134],[-74.20018520017852,40.51297068123253],[-74.20419746366699,40.512416025219316],[-74.2051961350993,40.51233074201966],[-74.20935383897668,40.51103516238103],[-74.21013466035613,40.510416750787385],[-74.21114086689153,40.50900543275008],[-74.21138832089034,40.50880539940499],[-74.21179478802514,40.50821802241686],[-74.21191043305254,40.508166883728116],[-74.21226016421521,40.50768365392087],[-74.21238309749246,40.50764489990713],[-74.21281403368069,40.50723014633256],[-74.21353206366962,40.506591649017125],[-74.21362937978556,40.50643990724448],[-74.21481687952188,40.50625777108425],[-74.21633137591348,40.504834009458115],[-74.21764473745999,40.50333089951688],[-74.21807755944755,40.50329871295206],[-74.21940765575721,40.50286077290879],[-74.2206384281535,40.50274870264958],[-74.22160407531427,40.50254619977234],[-74.22233901700928,40.50255301918701],[-74.22275550111323,40.502525540547644],[-74.22336089192413,40.502312538275454],[-74.22432670677243,40.50202203875752],[-74.22570064658575,40.50190476436034],[-74.22743180505408,40.502292935983476],[-74.22829835803545,40.502247531996666],[-74.22860528683557,40.50222488929046],[-74.22913921811285,40.50216607927706],[-74.2294213819878,40.50211722132793],[-74.22973131345137,40.50208287995638],[-74.23021488484416,40.50190917491983],[-74.23033607342084,40.50185131829553],[-74.23038426772325,40.501882862306545],[-74.23050635571917,40.501942725609744],[-74.23079425749843,40.501920146590386],[-74.23124443244187,40.50182686031893],[-74.23494577701938,40.50065915779626],[-74.23587771910809,40.50035851618023],[-74.23693873586568,40.49990835789934],[-74.23781982777905,40.499183845546106],[-74.23976289569343,40.497626498445676],[-74.24025112808037,40.49763963708912],[-74.24105816616478,40.49763131601917],[-74.24217095514821,40.497498561086545],[-74.24311685537815,40.497602449569555],[-74.24466079894856,40.49744998729181],[-74.24645131588684,40.496331357051304],[-74.24854779388004,40.49631621937361],[-74.2508548942225,40.49800616359516],[-74.25106157647173,40.4988306029857],[-74.25208380907418,40.499437244244405],[-74.25335538022306,40.500413197885756],[-74.25423514827015,40.50213952824688],[-74.25530710377622,40.506536454118994],[-74.25553185854763,40.50786122885186],[-74.25497290370966,40.50880566213323],[-74.25402821488186,40.508948766652004],[-74.25429083557016,40.50939155684294],[-74.25462336202813,40.509814602108904],[-74.25331579805132,40.50986150454094],[-74.25308195034368,40.51139283939298],[-74.25317151924685,40.51146606218066],[-74.25307641613715,40.511997777367775],[-74.25199467998807,40.5133474300147],[-74.25148978164572,40.51421263308431],[-74.25129867650341,40.51440671057316],[-74.25048238999005,40.51475696224807],[-74.25019262447168,40.51501312455234],[-74.25019601571455,40.515509931093824],[-74.2498437459406,40.51551805020884],[-74.24951393678681,40.515693980976444],[-74.248829666094,40.516312836002896],[-74.24937814038094,40.51695149632222],[-74.24612462197257,40.516127369298275],[-74.24674997194067,40.51649561324044],[-74.24666521689272,40.51689161720222],[-74.24559938749569,40.51785729550566],[-74.24508804460541,40.518066839404185],[-74.24382126609424,40.51832938469248],[-74.24075928637673,40.51931965712863],[-74.2400314206172,40.52031311901847],[-74.2413837903956,40.52090227902594],[-74.24273215954136,40.522700777371945],[-74.24272886354073,40.52322940931134],[-74.24276471147404,40.5237213078896],[-74.24286227003462,40.52408735084123],[-74.24335792685866,40.52481891382038],[-74.24306019367349,40.52694069541477],[-74.24285089448672,40.52754714456316],[-74.24284226646171,40.52800297456174],[-74.24259362148116,40.528420961288184],[-74.24242781388122,40.52871191889014],[-74.24237543220748,40.529029319626254],[-74.2421725440045,40.529666446127486],[-74.24202464913057,40.53006221866066],[-74.2417285451425,40.53051680959494],[-74.24154928903592,40.53087489126389],[-74.2417192406669,40.53160972765344],[-74.24211947619514,40.53345947872176],[-74.2419650645094,40.53366555681744],[-74.24198920997149,40.5339159161509],[-74.24203508673905,40.534305913281415],[-74.24215801441213,40.534514288645944],[-74.24235523266891,40.534723192783204],[-74.24258024253025,40.53476754110567],[-74.24258619672494,40.53492123764425],[-74.24273191439215,40.53508468576563],[-74.24284499756192,40.53524652843134],[-74.2429326057789,40.53538652175482],[-74.24309258925148,40.535534952600926],[-74.24326300040924,40.535621849708555],[-74.24339700266215,40.53582707113403],[-74.24361438955519,40.53600038367467],[-74.24386744479499,40.5361771631556],[-74.24412495988491,40.53619629572898],[-74.24397655106576,40.53646049855915],[-74.24411142926036,40.536825658195674],[-74.2444201876918,40.53691654060488],[-74.24475859495944,40.5368407213658],[-74.24491981038635,40.536665175449244],[-74.24521393085178,40.53676640751347],[-74.24536014307085,40.53700291909802],[-74.24497924473519,40.5372498881915],[-74.24459372136191,40.53775552541252],[-74.24444134336476,40.53803003906137],[-74.24467763731079,40.53835241265924],[-74.24469827736975,40.53848561991461],[-74.24497182440867,40.53877319963286],[-74.24535392271073,40.53950242323837],[-74.24542329900368,40.53975062598476],[-74.24560205698326,40.540949594577306],[-74.24584508121535,40.5410830767513],[-74.24640677149641,40.54212419161221],[-74.24767778039612,40.54312540330282],[-74.2433406330886,40.54779871503061],[-74.24190290276815,40.54697568895224],[-74.24117275175601,40.5472837383509],[-74.24045847559493,40.547625484300106],[-74.23991253323278,40.54800475706339],[-74.23942745667553,40.54833336824824],[-74.23910193115228,40.54862704334336],[-74.2383301218049,40.54918545709205],[-74.23766529763608,40.55008388982374],[-74.2371331359645,40.55026289226502],[-74.23650170138598,40.55043048484785],[-74.23624608904954,40.551052788846356],[-74.23622267338294,40.55158194053544],[-74.23651006906043,40.55220718339066],[-74.2347107919558,40.55295304731451],[-74.23452035973156,40.552936354281684],[-74.23420521117534,40.552801183831704],[-74.23402778170801,40.55265975362766],[-74.23353549801205,40.552466004796266],[-74.2329900763484,40.55276863545618],[-74.232641434239,40.5529828847635],[-74.23209983300617,40.55374333628837],[-74.23135620243775,40.55474173339222],[-74.23055514386454,40.55556374138416],[-74.22947149429741,40.55548961568596],[-74.22933099923333,40.55570121788779],[-74.22919461294882,40.55588506526432],[-74.22899926815352,40.55614220823076],[-74.2283692767811,40.556379440092314],[-74.22763272834408,40.55614659149501],[-74.22667341215053,40.55614828082248],[-74.22390334134495,40.55589706554448],[-74.22310353721308,40.55568306927578],[-74.22247482113697,40.555457056600666],[-74.22174872671059,40.55543934531276],[-74.22145469372056,40.55548209060851],[-74.22119312650433,40.55562865735847],[-74.22082231656414,40.55592833101354],[-74.22040587158557,40.55563529615935],[-74.22017936854522,40.55520864634992],[-74.21974356930724,40.554612672072444],[-74.21909005126749,40.55492806552369],[-74.21933701278986,40.55569136698104],[-74.21909202087251,40.55552871065525],[-74.21853272333958,40.55473888410942],[-74.21875036880562,40.55602774053726],[-74.21741272772682,40.555093865416595],[-74.21501817201809,40.556755638379855],[-74.21405771378684,40.55663223210397],[-74.21379034458961,40.556401288352674],[-74.21333332352275,40.556585957964465],[-74.21317612339845,40.55691464090089],[-74.21314129720426,40.55704350265861],[-74.21302387294006,40.557153856774015],[-74.21282631088755,40.557228209612916],[-74.21272721594643,40.55726180527474],[-74.21263342108551,40.55730644502152],[-74.21267231516254,40.55741279728901],[-74.21268047859408,40.55761962259672],[-74.21253785114287,40.55779134381511],[-74.21229910426538,40.557946801146514],[-74.21222038623914,40.558055955896144],[-74.21207433957848,40.558256136019835],[-74.2119436792857,40.55850852198891],[-74.21179998319978,40.55900528594817],[-74.21178440022133,40.55918790741636],[-74.21193349329307,40.55924349871104],[-74.21197195436723,40.55932857464995],[-74.21188881181233,40.55955824132721],[-74.21178650572095,40.55973534330348],[-74.21161662338055,40.55989659754715],[-74.21143984403736,40.56015114574008],[-74.2112012470404,40.56039639867768],[-74.21116463850312,40.56058965213633],[-74.21119558623063,40.56076782545154],[-74.21128669305776,40.56083753759488],[-74.2113222123134,40.560989012385356],[-74.2113390182396,40.56124619865708],[-74.21119323731202,40.56155738245356],[-74.21112626601057,40.56181481104596],[-74.21109459070577,40.562102358478455],[-74.21121107937385,40.56252629613003],[-74.21134392485544,40.56292331328285],[-74.21135717556909,40.563248341372336],[-74.21134783066387,40.563562430096745],[-74.21117547287595,40.563866233069724],[-74.21090755600582,40.564513415102],[-74.2107597610058,40.56513940904717],[-74.21047559606596,40.565764676695714],[-74.21003694208017,40.56656040531857],[-74.20964655233287,40.56728992198326],[-74.20955087909965,40.567701462251726],[-74.20934780269732,40.56798817200056],[-74.2091858841011,40.56847520360478],[-74.20888426318035,40.56888009091045],[-74.2088915346977,40.569271899756515],[-74.20884705448223,40.56972358529918],[-74.20850409350275,40.57007864602345],[-74.20817926338388,40.57036225276884],[-74.20804694132816,40.57064932491869],[-74.20707800410418,40.574266340216596],[-74.207073133584,40.57468196832677],[-74.20710601770277,40.57535582393279],[-74.20687371877406,40.57618813826414],[-74.2069813061001,40.576458854021446],[-74.20664709610857,40.576579725609335],[-74.2066929750979,40.5769890459472],[-74.20671602826917,40.57723075808268],[-74.20639507149836,40.57751682295124],[-74.20617482449848,40.578145055514284],[-74.2060194179059,40.57838276913295],[-74.20598641215838,40.58007698896934],[-74.20592159850473,40.580469002521866],[-74.2057627005456,40.58076321625617],[-74.20561757191872,40.58100828736196],[-74.2052695881313,40.58125844908288],[-74.20506947324104,40.58163282630746],[-74.20512510854593,40.58202005089323],[-74.20504263125672,40.58231887289911],[-74.2048019833508,40.58268583419496],[-74.20471635299822,40.58287138976325],[-74.20472604415848,40.58306105047994],[-74.20463814971193,40.58319371480803],[-74.20451027225025,40.58354284236165],[-74.20448598348874,40.584079325560445],[-74.20436741459902,40.58472337263723],[-74.20442210017697,40.58519629868871],[-74.20431854925832,40.585618453819784],[-74.20414124971835,40.585935040136576],[-74.2042202647798,40.58633509276629],[-74.20426533002896,40.58732053504293],[-74.20454212228178,40.58799326446358],[-74.20430639795259,40.588450249281415],[-74.20418131762773,40.588666372556624],[-74.20446810314508,40.58918269561869],[-74.20260466555052,40.590677450531054],[-74.20208602968204,40.59084971875008],[-74.20211784377655,40.591223031740974],[-74.20197947682986,40.59134947438198],[-74.20192266920785,40.59171525502986],[-74.20205960871617,40.591808854189544],[-74.20063127854344,40.59275609877191],[-74.20022540741597,40.59316618693107],[-74.19942322768746,40.59417938809715],[-74.19947085129934,40.59433749782494],[-74.19887443541107,40.59494492776038],[-74.19862810792415,40.59538610318733],[-74.19822305871908,40.59596165540633],[-74.19791431640627,40.59651910477752],[-74.19759350961887,40.596788719115494],[-74.19745486880369,40.5976149928052],[-74.1973061971382,40.598059522240945],[-74.2027392704705,40.60883221126086],[-74.20083723821067,40.6171694381884],[-74.20091423238284,40.6177988223986],[-74.20078290449894,40.61811167572024],[-74.20038742362466,40.618180698137344],[-74.2007073781953,40.618716555592115],[-74.20068071414829,40.61916845434691],[-74.20093569892522,40.619716381922494],[-74.20098303339519,40.62017327689371],[-74.20084920460147,40.620401572356634],[-74.20049514742536,40.62045771109366],[-74.20087331582351,40.62059115572628],[-74.20102119611154,40.62093426882064],[-74.20123130559415,40.62146775368993],[-74.20130147814122,40.62169056765572],[-74.201244846315,40.622240748619376],[-74.20137624811913,40.62269322412821],[-74.20163217876437,40.62317708584356],[-74.2013340454838,40.62356796088909],[-74.20109892401537,40.62403730801024],[-74.20110537966269,40.62469158571791],[-74.20098504239098,40.62530764805908],[-74.20106080033605,40.62589518001198],[-74.20075483895442,40.629594634113445],[-74.20042414785873,40.630038126230616],[-74.20052899588639,40.63025393577904],[-74.20076435510735,40.6302451973471],[-74.2007872998309,40.630346274467826],[-74.20073124932136,40.6303661974001],[-74.2003638279674,40.630484957305754],[-74.20023018131255,40.63115570753764],[-74.20039203676464,40.63134409851528],[-74.20041177856702,40.631436258141086],[-74.20033781827117,40.63144492757147],[-74.20010798593172,40.63153260612368],[-74.1988891094777,40.6325143578124],[-74.19835215694148,40.63300822353628],[-74.19791561643244,40.63325070386606],[-74.19732704477029,40.633267944329404],[-74.19727252112975,40.633787369023246],[-74.19677318194317,40.63402909797191],[-74.19635291542009,40.634472272312514],[-74.19603260182828,40.63497335851836],[-74.19546004544802,40.63514705489994],[-74.19517829496837,40.635442944149275],[-74.19522420248134,40.635627400345335],[-74.19454462292262,40.63651620314389],[-74.19454212579784,40.637070027627864],[-74.19478689682472,40.637131511664194],[-74.19436689245396,40.63738969117943],[-74.19413275716802,40.63730641221757],[-74.186524968976,40.64338866217144],[-74.18520452940683,40.64378972313488],[-74.1848915539784,40.644071781916836],[-74.18475390797951,40.643945431488284],[-74.18458607648833,40.643790588482425],[-74.18444458664031,40.643680510557125],[-74.18409535819686,40.643482837070124],[-74.18412999241751,40.643236744044025],[-74.18422669045324,40.643214379888676],[-74.1843320875596,40.64322095385958],[-74.18435234019537,40.643148216764445],[-74.18429610585865,40.64310369365741],[-74.18419608628768,40.64301035158474],[-74.18399139173806,40.64255206410089],[-74.1837261239657,40.642274254768054],[-74.18368608635794,40.64248727006793],[-74.18380131774568,40.642736063842584],[-74.18398047012981,40.642994342082446],[-74.18391107965499,40.64324843570952],[-74.18372312230242,40.643178509602734],[-74.1835297885603,40.642991813508175],[-74.18328353792042,40.64292069726795],[-74.1833594976973,40.64314908388606],[-74.18346987385284,40.64343039165296],[-74.18341590888669,40.64362972268411],[-74.18353584047905,40.64386919543813],[-74.18372435273663,40.64430096291891],[-74.18368396408775,40.64457097870188],[-74.18344730522712,40.644650941648905],[-74.18310606948675,40.64475688935173],[-74.1820090620486,40.64470394355201],[-74.1815907420064,40.644689221363805],[-74.18116006545081,40.64459077303504],[-74.18091579948614,40.644844854834865],[-74.18080491630862,40.64464254933101],[-74.18052719090946,40.6444846956319],[-74.17988406361421,40.645110240366485],[-74.17931109421247,40.64463836071843],[-74.17928830071038,40.644818708332586],[-74.17933946141926,40.64497924240432],[-74.17912788280456,40.644950223570966],[-74.17903966591294,40.643908633936974],[-74.17906590651135,40.64335293163658],[-74.179308078267,40.64323747679807],[-74.1793708038433,40.643062916733754],[-74.17940728473071,40.6428614284672],[-74.17945445077005,40.642565895155556],[-74.17955611609811,40.6422430115954],[-74.17958713721411,40.64191768346404],[-74.17946208703783,40.64237325114848],[-74.17929353576808,40.642912434423806],[-74.1790188165325,40.64292390473276],[-74.17880190796944,40.64251250982814],[-74.17839512367175,40.64232938166006],[-74.17828674141417,40.64233356708211],[-74.17813298867735,40.642537820679635],[-74.1778235955294,40.64260358714372],[-74.17764021549512,40.64297629966754],[-74.17724112273275,40.643109508084024],[-74.17714537910916,40.64301004822232],[-74.17686764286225,40.64289968009179],[-74.17677183831799,40.64263270049541],[-74.1766993183296,40.64245464865905],[-74.17665211551702,40.64251167173465],[-74.17666795538247,40.643386844771605],[-74.17610392257238,40.64347181416266],[-74.17564120364023,40.64330613531522],[-74.1755040579344,40.64367803763662],[-74.17548401996773,40.64391147255844],[-74.17551972507748,40.64417428500784],[-74.17562477603212,40.644678305245755],[-74.1753462838148,40.64488913702661],[-74.17478835445857,40.64511481705896],[-74.17446515842178,40.645103759903485],[-74.17399636979134,40.64496487669394],[-74.17315481958882,40.644345425303094],[-74.17287698237266,40.64400900811272],[-74.17292112211443,40.643492814148246],[-74.17250700754178,40.64344775956429],[-74.17239812675165,40.64321250598121],[-74.17254923656455,40.64313507994243],[-74.17269113227849,40.64295887100265],[-74.17244027862147,40.64281204816383],[-74.17203234414181,40.64287185876253],[-74.17165832740471,40.643122924347914],[-74.1714911523035,40.64298431358221],[-74.17164594223644,40.64265130043633],[-74.17182336830277,40.64243871661522],[-74.17177029647229,40.642196990308626],[-74.17169759758745,40.64190848524938],[-74.17148857094217,40.64174382256744],[-74.17147622922755,40.641432402212075],[-74.17151573437827,40.64121174061924],[-74.17157328411746,40.641076747727986],[-74.17191307620531,40.64100643588383],[-74.1724312171361,40.64075601915973],[-74.17284329736437,40.6406150533032],[-74.1729591880983,40.64049643471531],[-74.17246114186264,40.640673620668416],[-74.17186408599132,40.64097727266589],[-74.1715474160606,40.64106995349325],[-74.17144203866062,40.64125360202529],[-74.1711541244912,40.642399175687856],[-74.1682434357728,40.64194135036166],[-74.16609989896035,40.642406587001204],[-74.16457132366729,40.64141866159588],[-74.1636538853577,40.63986239114686],[-74.16206918868862,40.64072783485888],[-74.16106428065301,40.638681239714906],[-74.16022466453101,40.638339061337696],[-74.15978175306087,40.638649332401634],[-74.15941973096452,40.63790693181593],[-74.15901521285019,40.63826861807158],[-74.1577335257235,40.638879035165296],[-74.15561829326151,40.63847022002468],[-74.15445425716972,40.63722980725908],[-74.15302996792767,40.63718116680874],[-74.15272516903497,40.63756969040258],[-74.15112965090486,40.638500680073896],[-74.14949405062926,40.637424692087805],[-74.14930052539921,40.6384334660242],[-74.14761237249003,40.63903703784254],[-74.14409302447477,40.638965424931435],[-74.14384192519626,40.639088355055854],[-74.14317676696162,40.63969214633879],[-74.1423588139322,40.63967020775371],[-74.14128624022686,40.64014527516091],[-74.13752644766952,40.64101365447564],[-74.1343028118537,40.6417537949093],[-74.13256222253699,40.64153185578871],[-74.1296778516623,40.641385312552885],[-74.12881201847131,40.6402269775039],[-74.12707625955649,40.63957708672738],[-74.12639610281704,40.64037805151693],[-74.12613276551232,40.64126438802825],[-74.124529232981,40.64020540778084],[-74.12354404612039,40.6404055351323],[-74.12279688359394,40.640900519808405],[-74.12276185398319,40.64134182146715],[-74.12184146995573,40.64140589477419],[-74.1218066108207,40.641412159075536],[-74.1213869068935,40.641485332052554],[-74.1210772740521,40.64160742058869],[-74.11985443942096,40.642235613904774],[-74.11868834100231,40.641797643553254],[-74.11800767093658,40.6418054975333],[-74.11728814480378,40.641594377204584],[-74.11722470082546,40.64302735996259],[-74.11675342874662,40.643161826702325],[-74.1151171475206,40.64278499267786],[-74.11389010824345,40.643989669126675],[-74.11176646650026,40.644706160344924],[-74.10472221599764,40.64556365739945],[-74.1036992614275,40.64563663499686],[-74.10157833974777,40.64551442131608],[-74.09303960268042,40.64596199782461],[-74.08767442681501,40.648235293614775],[-74.08425160405811,40.64866766744468],[-74.08221272914938,40.64828016229008]]]]}},{"type":"Feature","id":1,"properties":{"BoroCode":4,"BoroName":"Queens","Shape_Leng":861038.4793,"Shape_Area":3049947236.73},"geometry":{"type":"MultiPolygon","coordinates":[[[[-73.83668274106708,40.59494669701581],[-73.83548957637788,40.594454754467016],[-73.83431911140659,40.59361700835927],[-73.83352017803834,40.59321290776125],[-73.83307051685695,40.59265081882317],[-73.8326299370629,40.59198397434903],[-73.83305697727171,40.59172402424599],[-73.83367997692349,40.592015049011096],[-73.83414197115779,40.591867969430886],[-73.83388588500927,40.591402868961204],[-73.83287440201727,40.591457815195426],[-73.83251973334967,40.59096301885263],[-73.83284962070245,40.59009582355288],[-73.83423133832335,40.58993664680043],[-73.8345418155745,40.58978128874666],[-73.833392884077,40.58985484503915],[-73.83399312516856,40.58937217911906],[-73.83536721419097,40.58944131485622],[-73.83632197535157,40.589512522603194],[-73.83707912070507,40.58970163920925],[-73.83744455749489,40.59012659247727],[-73.83866857222826,40.59106315132315],[-73.8399206831699,40.592053460690295],[-73.84059858452794,40.59297849129279],[-73.84141426957221,40.59228118257596],[-73.84206458684875,40.592959025349415],[-73.84279664017414,40.5933522291629],[-73.843459113492,40.59349122074308],[-73.84371192494665,40.59386768971072],[-73.84313364052119,40.59447533740426],[-73.84216429081833,40.59475333770384],[-73.84096797936249,40.595467455577975],[-73.83902964248091,40.596253484748665],[-73.83719111158136,40.59555793677662],[-73.83668274106708,40.59494669701581]]],[[[-73.8133966522335,40.60436407224537],[-73.80994337026236,40.60126319912933],[-73.80988145450948,40.600300825092724],[-73.80998813232415,40.599883412557276],[-73.81029493857324,40.59968938965006],[-73.81029011586068,40.59899167007234],[-73.81104335601388,40.59855975903594],[-73.81172811474984,40.59827557421153],[-73.81253246018586,40.59902647427727],[-73.8133966522335,40.60436407224537]]],[[[-73.82718282107055,40.60791977809121],[-73.82718282107055,40.60791977809121]]],[[[-73.82607472604549,40.60843779954608],[-73.82661051008792,40.60819620584166],[-73.82771104235995,40.608398668130675],[-73.8280507726006,40.610046296865285],[-73.82688326414812,40.609596678069416],[-73.82607472604549,40.60843779954608]]],[[[-73.83244207358172,40.60592944953676],[-73.83244207358172,40.60592944953676]]],[[[-73.79420172624037,40.60773067561336],[-73.798781986801,40.6103332756891],[-73.79420172624037,40.60773067561336]]],[[[-73.7666913977118,40.61425465545003],[-73.76620448352908,40.614104275225706],[-73.76581977219867,40.61389454730335],[-73.76540921523093,40.61380908731145],[-73.7651489819561,40.613732785002405],[-73.76502224207313,40.613421664926435],[-73.76512389686413,40.613318844884006],[-73.76512372458427,40.612807237857446],[-73.7651002941461,40.61244392665644],[-73.76498505323241,40.61230396576785],[-73.76510355561392,40.612171777239126],[-73.76488511741935,40.61195567304717],[-73.76399822638186,40.61176085527852],[-73.76352858551718,40.61171493551059],[-73.76315813838795,40.61165782691473],[-73.76239615019837,40.61137484049734],[-73.76155051905894,40.60903136580079],[-73.75949119833388,40.61081579591086],[-73.75950902919088,40.61029655950143],[-73.75904511473078,40.610351667614204],[-73.75868333119989,40.610299993030914],[-73.75829926069895,40.61029509798366],[-73.75797402450198,40.610302400918876],[-73.75758776998951,40.61027748865655],[-73.75731666566757,40.610291055068316],[-73.7570124780017,40.61024904214859],[-73.7566522555823,40.610226794897244],[-73.75635212357517,40.61021018261844],[-73.75603952186508,40.61025247464745],[-73.75585531563951,40.610317660815554],[-73.75564946697219,40.610087669282585],[-73.75587561216302,40.61038028930367],[-73.75539915499962,40.61011578353385],[-73.7550327012441,40.61012667838596],[-73.75473219572574,40.610405241678414],[-73.74536751712567,40.611203552100335],[-73.73830554704486,40.598242937929655],[-73.73835606987085,40.59763654003654],[-73.73852716400219,40.59741547919859],[-73.73854295052861,40.597262993693505],[-73.73871968076902,40.59694881732641],[-73.73877590462949,40.59697908800114],[-73.73888268579212,40.59704643902427],[-73.739788607596,40.59714472882412],[-73.74006275137519,40.596612011335],[-73.73979875723602,40.59642860378918],[-73.74034900829139,40.59630782342959],[-73.74056715739594,40.59686048575866],[-73.74060679082139,40.59696537051093],[-73.74080769951496,40.59695524918268],[-73.7410045591575,40.59692814694151],[-73.74099743448242,40.596905307836835],[-73.74096039170104,40.59690823688464],[-73.74100506979717,40.596838080115944],[-73.7412585502912,40.59681012217195],[-73.74131109804412,40.59682187629574],[-73.7413784249688,40.59688329410192],[-73.7414381464243,40.596938173131555],[-73.74157380323899,40.59690394577308],[-73.74163450641639,40.596826875630484],[-73.74182451436539,40.59665904436296],[-73.7416649382327,40.59658319013884],[-73.74093521109894,40.59656021208487],[-73.74057141605778,40.596573976885296],[-73.74050704266469,40.59653614166962],[-73.740547013624,40.596119685717944],[-73.74018670507765,40.596047381950974],[-73.73958631560401,40.5969763468467],[-73.73973369321158,40.59656819869521],[-73.73983784246839,40.59667075762002],[-73.7395740169378,40.59701035737158],[-73.73921669508137,40.59699474980927],[-73.73910946934677,40.596932518180445],[-73.73945583288501,40.59697828258673],[-73.73852427660148,40.596913812967244],[-73.73764798223567,40.59441483987052],[-73.73806122475742,40.59454611670808],[-73.73850731718747,40.59437861612441],[-73.73877753514911,40.59435500821524],[-73.73919544003911,40.59458593253044],[-73.73934856041366,40.59451206802289],[-73.73958740902061,40.59451827037696],[-73.74001746414024,40.594624861231445],[-73.7402741209832,40.5946470717361],[-73.74076790338209,40.594662514207265],[-73.74088874912552,40.59459718403626],[-73.74137287779195,40.59480814176129],[-73.74171730107163,40.594649883743195],[-73.74214660413504,40.59489483679035],[-73.74287488141275,40.5948260115816],[-73.7433196601969,40.59479598240062],[-73.74350272937397,40.59460337607227],[-73.74539768262423,40.59449662903213],[-73.74687961710566,40.59417733217489],[-73.74754300333461,40.59395055342266],[-73.74923797592955,40.59323541034949],[-73.75083983764083,40.59224470968872],[-73.75209519408085,40.59127339419616],[-73.7530090952708,40.59112507396141],[-73.7535702855607,40.59094245997023],[-73.75426867320691,40.59092370659371],[-73.75477365408204,40.590902109376906],[-73.75537689752807,40.590859740067785],[-73.75602036595409,40.5908863049638],[-73.75638878883086,40.59101180914951],[-73.75682494267936,40.59108706250406],[-73.75730257288988,40.591214119469974],[-73.75789189861874,40.591356988277674],[-73.75885981629341,40.591475047248565],[-73.7597673492067,40.59158660552717],[-73.76078573008142,40.5916607813385],[-73.76243967044954,40.591633946112246],[-73.76517139989325,40.59120547114961],[-73.76735429887437,40.590863371033166],[-73.7687270852515,40.590870068955574],[-73.77057474482311,40.590609971965556],[-73.77111441651955,40.590577963412905],[-73.77252453190594,40.59045434707629],[-73.77360853280672,40.59039536916429],[-73.77407763164733,40.590387963017804],[-73.77521117634126,40.59026821837305],[-73.7758487632662,40.590284278731424],[-73.77648111993176,40.59016582974161],[-73.7772008021456,40.590101291039275],[-73.77827350862988,40.589843961268166],[-73.77939398598424,40.58959101588612],[-73.78048449570852,40.589583136348736],[-73.78121208011392,40.58934257024145],[-73.78222391702076,40.58913432790874],[-73.78310566264247,40.58892437200098],[-73.78491351080615,40.58840713115519],[-73.78630555217102,40.588147107883096],[-73.78768370715747,40.58792293771202],[-73.78898283996142,40.58749323982926],[-73.78936256861503,40.587631762184955],[-73.78989469426473,40.587546274469794],[-73.79091570414656,40.58734252271358],[-73.7914175407848,40.58730302795014],[-73.79239225941804,40.587098851855316],[-73.79332342680814,40.58694600004851],[-73.79396902115464,40.58681183829104],[-73.79468886939411,40.58666070316637],[-73.79522576667668,40.586483141173254],[-73.79588349292335,40.58640408347203],[-73.79659741256913,40.58637743368624],[-73.79721710027916,40.58620132370158],[-73.79818740957424,40.5859559998296],[-73.79893359561244,40.58588564380834],[-73.80061781447166,40.58550755768199],[-73.80156339177982,40.585388740383],[-73.80304240416447,40.584976674263245],[-73.80407247759553,40.58495669707043],[-73.80562312964227,40.584511183783114],[-73.80663736453623,40.584434891596025],[-73.80834370637812,40.5840283168177],[-73.80914080102228,40.583959204771375],[-73.8135244872756,40.58347314904671],[-73.81589630882401,40.582739308619864],[-73.81928812030563,40.58176697435413],[-73.82264897973461,40.58093751426903],[-73.82622485462863,40.57978702791702],[-73.82956637549202,40.57878035604589],[-73.8312479629121,40.57846166566756],[-73.83386923172183,40.57764989760895],[-73.83641045643294,40.57656841076555],[-73.84138297830167,40.57471860841409],[-73.84877296803549,40.57205630900945],[-73.85024821434567,40.57149220776542],[-73.85220202399667,40.57074510300149],[-73.85487827913526,40.569913844513444],[-73.85664094497916,40.5692985587757],[-73.85909318999238,40.56831079825674],[-73.86214592196146,40.56704594881129],[-73.86271410833746,40.566505098746354],[-73.86449981054513,40.56672407445251],[-73.86572546406636,40.566503785802425],[-73.86668580404564,40.566084737846644],[-73.86747429909367,40.56589584615776],[-73.86823531210624,40.56556896674797],[-73.86823181879365,40.565077040778476],[-73.86954872397536,40.56524111509819],[-73.87064094150605,40.56480994521735],[-73.87144543470183,40.564559267990006],[-73.87256879318457,40.56386147776897],[-73.87288655736043,40.56411048323225],[-73.87352028757076,40.563961037853865],[-73.87402612883241,40.563800391147375],[-73.87459337507958,40.56363116305631],[-73.8748996372242,40.56350693588994],[-73.87534115876264,40.563401307697724],[-73.87559506972468,40.563322750969796],[-73.87597470538539,40.56318430003462],[-73.87625899418443,40.563107169993465],[-73.87654600306162,40.562983252083534],[-73.87674349065972,40.562880615074945],[-73.8769654496338,40.56280002222659],[-73.87722076596602,40.56270056992199],[-73.87740724013116,40.562640335547925],[-73.8784903078587,40.56221617598844],[-73.8795963770211,40.56178335948525],[-73.87982058327987,40.56169106570085],[-73.87999703259656,40.56162123442571],[-73.88026267382196,40.56151992354841],[-73.88028171347881,40.561385188049755],[-73.88050508130868,40.561469061626624],[-73.88072084332177,40.56144900556829],[-73.88093924873364,40.56141583224444],[-73.88116962349294,40.561391504237804],[-73.88138983671992,40.56133831244139],[-73.88164018844446,40.561227761576326],[-73.88185623325515,40.56112690032672],[-73.88203604916906,40.561041057880765],[-73.8822820641387,40.560944827480405],[-73.88237441679743,40.56076043080979],[-73.88253888350783,40.56088149422307],[-73.88276124168165,40.56087519260242],[-73.88302771502276,40.56088819857711],[-73.8832474156224,40.56085592148509],[-73.88345903958847,40.560769181862966],[-73.8837024428479,40.560645668889286],[-73.88392794090468,40.56054463388987],[-73.88422171797328,40.56044491773879],[-73.88440740771496,40.5603734580996],[-73.88463856501676,40.56028950941815],[-73.88481685329342,40.56020328280148],[-73.88490715629757,40.56006638597495],[-73.88514881564576,40.560145307794166],[-73.88536324018605,40.56011244541255],[-73.88561210551563,40.560062565074034],[-73.88582778528166,40.560013420845095],[-73.88607110952496,40.55993617771244],[-73.8863321055734,40.559834698754585],[-73.88654402626152,40.5597469453791],[-73.88674273569,40.55965998222657],[-73.88694127351813,40.55957027492404],[-73.88700589149516,40.55940590791811],[-73.88718163115946,40.55953938455411],[-73.88741472854419,40.55954076605776],[-73.88766096256649,40.55954423998934],[-73.88787524355074,40.55951557895211],[-73.88806295796361,40.55943651555388],[-73.88826990484914,40.55935866018962],[-73.88847432349486,40.559273929586],[-73.88868236629051,40.559189788820795],[-73.88888522950124,40.55910961228872],[-73.88907860002207,40.55903670322717],[-73.88928182463894,40.55895167350483],[-73.88945256487835,40.55888223616679],[-73.88961883994118,40.55879238897394],[-73.88986547856699,40.55878639380152],[-73.8900816705111,40.558799091436484],[-73.89023464758463,40.558804641249374],[-73.8904425142591,40.558738722705684],[-73.89065244339358,40.55866791672429],[-73.89085496498274,40.55859221261954],[-73.89105494917351,40.55850838390102],[-73.89124131255267,40.55842873755567],[-73.89143378339,40.558361128343854],[-73.89161127463406,40.558291846797815],[-73.89178229273931,40.5582011537498],[-73.89194793452907,40.55814255160612],[-73.89211373696484,40.55791654611901],[-73.89238831548226,40.55805370379859],[-73.89255904386216,40.55812069215577],[-73.89278399782741,40.55810248631568],[-73.89298807345278,40.55806383701294],[-73.89319530403391,40.558016193925745],[-73.89339216208187,40.557964848478],[-73.8935545879215,40.55789231879485],[-73.89371918082577,40.557809225613696],[-73.8938941053768,40.55774710693716],[-73.89407049888419,40.55766709665227],[-73.89423647214898,40.55758292410462],[-73.8944404691671,40.55750351396519],[-73.89463210764862,40.557428180190655],[-73.89482859594898,40.55734005477039],[-73.89495517340919,40.55728982200963],[-73.89501734885609,40.55726010812486],[-73.89514753304954,40.557327064281615],[-73.89528651630846,40.557422025408826],[-73.8954944585395,40.557415460339435],[-73.89570692406237,40.557377615303764],[-73.89587965836697,40.55731041277787],[-73.89608718331208,40.557229410373196],[-73.89636887458343,40.557121736765595],[-73.89659881984008,40.55704080576617],[-73.89680827343793,40.55696444035249],[-73.89700856116316,40.55688258207832],[-73.89707449198417,40.55674435612907],[-73.89713317547933,40.556687865013615],[-73.89717686335523,40.556839696456755],[-73.89730646248515,40.55695791664456],[-73.8975108376366,40.55704318999361],[-73.8977324691642,40.557078273652394],[-73.89799514796813,40.55710213718023],[-73.89823432134,40.55707770269111],[-73.89846539391665,40.55700698074082],[-73.89865213659452,40.55695669823902],[-73.89889380717524,40.556873108932294],[-73.89911718426407,40.556800353794166],[-73.89915160703457,40.55664134455459],[-73.89972520218527,40.55666311033321],[-73.89983279088214,40.556525453743056],[-73.90045401431342,40.55655782538885],[-73.90059436861605,40.556424630217506],[-73.90073797902384,40.55665037497762],[-73.90256871118137,40.55675744877271],[-73.9062540843815,40.55581120183347],[-73.9178065311063,40.551279295095235],[-73.93545425625379,40.54474972879317],[-73.93871583886244,40.543301201310186],[-73.94012975795803,40.548002561293444],[-73.94057479011039,40.55303708216102],[-73.93945790671751,40.55501217075905],[-73.93689879584473,40.55669845723751],[-73.93513154622028,40.55734888056494],[-73.93340252623442,40.55735146562235],[-73.92878488924342,40.55992550746976],[-73.92568426673164,40.56170057590931],[-73.9202014873884,40.56253196151503],[-73.91962397269188,40.56236584322538],[-73.91386749626402,40.56460809614184],[-73.91198152704146,40.56580963497531],[-73.91185809029396,40.56499543800326],[-73.91014772994255,40.564943145048545],[-73.90977170611885,40.565305405307534],[-73.90976258436976,40.564284836928096],[-73.90838328120994,40.56396272597695],[-73.90800859982775,40.563857188680245],[-73.9072383276977,40.56300588033127],[-73.90549533617258,40.56276575778526],[-73.90292295534515,40.56347776188438],[-73.90264896763198,40.56320028322402],[-73.90166123516522,40.56293506352477],[-73.899055797343,40.56381294864287],[-73.89628126208986,40.56523272170731],[-73.89557697279909,40.56681543321157],[-73.89504632135153,40.567190914696596],[-73.89280581743822,40.56851491061995],[-73.89106005260656,40.56830412977555],[-73.88940823061617,40.56792621296563],[-73.88834735692744,40.56813562116769],[-73.88654683936444,40.568470978109396],[-73.88502840887728,40.56853112718857],[-73.88429876082952,40.56843680205302],[-73.88414233837388,40.568027686274995],[-73.8838069030386,40.56815355417874],[-73.88369768110314,40.568836285463135],[-73.88302891606187,40.568382818491074],[-73.88285619540413,40.56835826471866],[-73.88264735646702,40.56836456276618],[-73.88247156263525,40.56844211601708],[-73.88226862252776,40.56853237545288],[-73.88208660430985,40.56859809044673],[-73.88184349717481,40.568694843229395],[-73.88165489126104,40.568738567672845],[-73.88140223669865,40.56876649465098],[-73.88117165492476,40.568767101709135],[-73.88095258591655,40.5687342940248],[-73.88071911660485,40.56870553272947],[-73.88051295386211,40.568680427559364],[-73.88030893446712,40.5686785401945],[-73.88009809627145,40.568672692317186],[-73.87983861024608,40.56865779632213],[-73.87964545944037,40.56866035918944],[-73.87936348238732,40.56866272863267],[-73.87911696789517,40.568664171244514],[-73.87892860441212,40.56866422483002],[-73.87871454945248,40.568667835282824],[-73.87763785309701,40.56885184212857],[-73.8760840841443,40.56947288941024],[-73.86663956227198,40.574099218934435],[-73.85532244619533,40.580058422020976],[-73.84521016865193,40.581579826263685],[-73.83916563218249,40.58217339109345],[-73.8386879340518,40.582701077009375],[-73.8364970217585,40.58282250203045],[-73.82852471261214,40.58485422038238],[-73.82813473544722,40.585968868443445],[-73.82481333907123,40.58715132203597],[-73.82293688631525,40.58749164972748],[-73.82003299074138,40.587511020171114],[-73.81847464070603,40.58838196290505],[-73.81758962988195,40.58921724695753],[-73.81716590847282,40.58936579873667],[-73.81653859470248,40.58942372055243],[-73.81615706220042,40.58959018541572],[-73.81516608506078,40.590069682718905],[-73.81459418101939,40.590653715813616],[-73.81418215917385,40.59061630883368],[-73.81345814115195,40.590890839975735],[-73.81305738293004,40.59125608117276],[-73.81228502224805,40.59132612550711],[-73.81153473098959,40.592089317619894],[-73.81147327231109,40.59285357282752],[-73.81089019539002,40.59195661942391],[-73.81095747722597,40.59250180963573],[-73.81140751227164,40.59287125723867],[-73.81122673155645,40.592931427876955],[-73.81091016761648,40.592784240891234],[-73.81117764467449,40.59250216995335],[-73.81085814227849,40.592285199540854],[-73.81016604131408,40.59221948613132],[-73.80977831849526,40.59239902778619],[-73.80950556866762,40.59277519735683],[-73.8095233376035,40.59357789199171],[-73.8094074210146,40.59341372228403],[-73.80924085965647,40.5933910324498],[-73.80893615472333,40.59330158071347],[-73.80793775175637,40.59283817261359],[-73.80737138295174,40.59251367455597],[-73.80692764644428,40.59230514296949],[-73.80679513037923,40.592267044126345],[-73.80653538284005,40.592210459367514],[-73.80606163594123,40.59202945664894],[-73.80592971712139,40.59182689493249],[-73.80587981268421,40.59127666308927],[-73.80579578692465,40.59093133036707],[-73.80578111562806,40.59076057488397],[-73.80572399023137,40.59076023556474],[-73.80571761728758,40.59099337084207],[-73.80582987216081,40.591750064343756],[-73.8058180508067,40.591866834836836],[-73.80552819621893,40.59179303249298],[-73.80480575004529,40.59146895958782],[-73.80435447085486,40.591311726085095],[-73.80426018397827,40.59135878007042],[-73.80416282661463,40.59182024174891],[-73.80438421369708,40.5919416126328],[-73.80514561892488,40.59224690564193],[-73.80621015155292,40.592712674746366],[-73.8071106788903,40.59306968063113],[-73.80714943722013,40.59304556730156],[-73.80742595444795,40.59313827185722],[-73.80783240566711,40.593374809072166],[-73.80800171159976,40.5937001176808],[-73.80781782542289,40.59388439076517],[-73.8078020655205,40.594016066324265],[-73.80790059974893,40.59411113813206],[-73.80797095039003,40.59413944157089],[-73.80797390698389,40.59416687647362],[-73.80789674906909,40.594185029016664],[-73.80789688004693,40.59426692324888],[-73.80775866888288,40.59442450854698],[-73.80770022809375,40.59450238625921],[-73.8075260013763,40.59461745329687],[-73.80744929111657,40.59481579009959],[-73.80736974006629,40.59491355355047],[-73.80715261007053,40.595194755907436],[-73.8071100296742,40.59528582792702],[-73.80692013891141,40.59536310573508],[-73.80661100431213,40.595438968363666],[-73.80609327973679,40.59555762345516],[-73.80582632109677,40.595465858988526],[-73.80541126393747,40.59528589820449],[-73.80536107050744,40.59529689059379],[-73.80534545308234,40.5952687496536],[-73.80514501976319,40.595188884153245],[-73.80467205000008,40.59493026163003],[-73.80464923932392,40.59486492499617],[-73.80454797933922,40.594778150377095],[-73.8042860016201,40.594479954563525],[-73.80403509120043,40.594163154083034],[-73.80402972598937,40.59366065162851],[-73.80406973970605,40.59353560117176],[-73.80412568015274,40.59351380510317],[-73.80383058372257,40.59305522267022],[-73.80374969084536,40.59298930083848],[-73.80380877646836,40.59289450387974],[-73.80378816362884,40.5928858055581],[-73.80361739455441,40.59294133774379],[-73.80276364574289,40.59261552449286],[-73.80280727640992,40.593902134432035],[-73.80318082190892,40.59394537813095],[-73.80265877687387,40.593941972371255],[-73.80325775448783,40.59428585206261],[-73.80233663086598,40.59440486335875],[-73.80341774109776,40.5944467343603],[-73.80365167080726,40.59475314278157],[-73.80338350994708,40.59493448643868],[-73.8033666530119,40.595154652522524],[-73.80376521683067,40.59506273784606],[-73.80354001503524,40.595166835095085],[-73.80432894848421,40.59599038707793],[-73.8047352339766,40.596487582653786],[-73.80510759382435,40.59669046906151],[-73.80520407924875,40.596892259389385],[-73.80519243494219,40.59719037599558],[-73.80517300904623,40.59696735128347],[-73.80514962023194,40.59675741965358],[-73.80494117146371,40.596856537231545],[-73.80472981462286,40.597625330291336],[-73.80462188261254,40.597708328269334],[-73.80443910360165,40.59772310327953],[-73.80434843981267,40.597782181224154],[-73.80424035951769,40.59781224496842],[-73.80415718796984,40.597845588739474],[-73.80395581914523,40.59793308082547],[-73.80386762022498,40.598059410982934],[-73.80384062878419,40.598103061656325],[-73.80368751590305,40.598127393043995],[-73.80364610804303,40.59817549476436],[-73.80358067118344,40.59825124821056],[-73.8035141738963,40.598308116708886],[-73.803424156912,40.59840375752383],[-73.8034235253518,40.598459338738834],[-73.80332630606301,40.59851804681927],[-73.80310166848574,40.59871581011769],[-73.80295721424761,40.598856755286235],[-73.80235841779341,40.598925949574664],[-73.80198680899792,40.59885105306527],[-73.80147213607033,40.59898873821644],[-73.80089596964324,40.59933820579018],[-73.80056517505568,40.59917549389558],[-73.79916724875052,40.59932103899799],[-73.79868820989633,40.59926289919999],[-73.79811229286904,40.59930104024057],[-73.79546504863085,40.5994985311246],[-73.79409582461035,40.59951345755347],[-73.79341155585982,40.59990114197144],[-73.79314362456486,40.599975757845925],[-73.79280540330517,40.599952223982946],[-73.79259650271233,40.60005223559827],[-73.79228672001176,40.59999268592279],[-73.79210604552308,40.60009049204169],[-73.79182306911335,40.60029456996684],[-73.79143789580176,40.60041724442814],[-73.79095553934772,40.60080457300308],[-73.79070491695127,40.60105388204493],[-73.79043249059029,40.60114532332555],[-73.78993929914921,40.601505269281816],[-73.78901099030354,40.60223918417947],[-73.78832266934047,40.60275727994632],[-73.78785755633537,40.603111171930095],[-73.78743204173533,40.603187828092246],[-73.78628810615065,40.60311409425822],[-73.78638878260507,40.60287408192572],[-73.7871783373903,40.602306053436976],[-73.78731850516151,40.60204025782367],[-73.78746708758959,40.601764393821796],[-73.78759671822301,40.60151249019826],[-73.78807155049914,40.600854468655726],[-73.7892492449865,40.60008345235832],[-73.78955983471059,40.599911616441666],[-73.78980602655174,40.5997007131254],[-73.79013529954662,40.59934603113224],[-73.79032939368572,40.59907261686833],[-73.790409400672,40.59871843311059],[-73.79081330022184,40.597713806042364],[-73.79096864748598,40.597380289565095],[-73.79107264031754,40.596895205226495],[-73.79103616098973,40.596483057297476],[-73.79094119971539,40.5960721825697],[-73.7910329684625,40.59556905630925],[-73.79090267378733,40.595093579622294],[-73.79068248480455,40.594844196291106],[-73.79045684084386,40.59496013627622],[-73.79070673101847,40.59603000671374],[-73.79064645458274,40.59581468544174],[-73.79056985972828,40.59521149813547],[-73.79040235107801,40.5948276411972],[-73.79015777357729,40.59486915851814],[-73.79022055426887,40.59526589551325],[-73.79027768616697,40.595732940724275],[-73.79017830001317,40.596071319704414],[-73.79013888581898,40.59487157565581],[-73.78989588911116,40.59482073601442],[-73.78977512688957,40.594733337220326],[-73.78972631820011,40.59493830092534],[-73.78977369748354,40.59535433235618],[-73.78999689158508,40.59619698204689],[-73.78979511829799,40.59582343859296],[-73.78972709480891,40.595259501845035],[-73.78942472254529,40.59495613940293],[-73.78935311513335,40.59519376497537],[-73.78918244284348,40.59529822238851],[-73.78921283174589,40.59566774996709],[-73.78913819375325,40.595928647413224],[-73.78918028632461,40.59619502966319],[-73.78926243909659,40.59650606031711],[-73.78919874488447,40.5967806387233],[-73.7892227264953,40.597043114759984],[-73.78914947665893,40.59730958944467],[-73.78913181369522,40.597482088968505],[-73.78889576026539,40.59816135406833],[-73.78864132611204,40.598327005286194],[-73.78836677658437,40.59849082884424],[-73.78807199631652,40.598718838438636],[-73.78783559420923,40.59891575216714],[-73.78759278945742,40.59913398663172],[-73.78738041014341,40.5992656476337],[-73.78709826804,40.59947048999453],[-73.78702312925985,40.599666584099765],[-73.786755568717,40.59991783874603],[-73.78644433473033,40.60010796499426],[-73.78602374866993,40.600281731966945],[-73.78610528242099,40.600711757064126],[-73.7858859624751,40.6009599105216],[-73.78557493300866,40.60113683446174],[-73.78546138101117,40.60144250364771],[-73.78508307760505,40.60163568873314],[-73.78479582997832,40.60170712109373],[-73.78438419864639,40.60185854736749],[-73.7838034338003,40.6022368120484],[-73.78346427862323,40.60273515377761],[-73.78328989623122,40.603228150678184],[-73.78313432465107,40.603814746893505],[-73.78339119484168,40.6039722385232],[-73.78359541366834,40.60423316289001],[-73.78363998576067,40.604435702446196],[-73.78388690725322,40.60472930556755],[-73.78385371955582,40.60498069632541],[-73.7836806473876,40.605236435121526],[-73.78349084244986,40.60549576261451],[-73.78331677485012,40.605587278467965],[-73.7831920176963,40.605812256025004],[-73.7828280684702,40.60610896619217],[-73.7826301268013,40.60631066179062],[-73.78228947950906,40.60655077207295],[-73.78173055396006,40.60717563050871],[-73.7813043672219,40.60759911103059],[-73.77798083000867,40.60976056269375],[-73.77626538329922,40.60964903889426],[-73.77505226664107,40.60960900143686],[-73.77412946283744,40.60870682899962],[-73.77458795569869,40.608442101775736],[-73.77479766202057,40.6083660848664],[-73.7742808838334,40.60781602134547],[-73.77432541481346,40.607456943493254],[-73.77462118055672,40.607424105881016],[-73.77474504280376,40.6077646473121],[-73.77488854943105,40.60808251659787],[-73.77536481707953,40.60867131076606],[-73.7756578534311,40.60899155124118],[-73.7759676184065,40.6092222490392],[-73.7760072470852,40.60918402634275],[-73.77553727918637,40.608693621540866],[-73.77492696553853,40.608025841362114],[-73.77474669742105,40.607631400723754],[-73.77468903799713,40.607389109815294],[-73.7746044318293,40.606477260875565],[-73.77484871856133,40.60582943435125],[-73.77487800897137,40.60529359821665],[-73.77514902078916,40.60440550964393],[-73.7747034044968,40.60438571701904],[-73.77499969776946,40.60409761527276],[-73.77537608316847,40.60415730886781],[-73.77589503235491,40.60344572766289],[-73.77605391761068,40.60275289440225],[-73.77578265111748,40.60294858174007],[-73.77558061023697,40.60303428590135],[-73.77593843827093,40.602608711941684],[-73.77621025347734,40.602488581003094],[-73.77643286433134,40.602488558879024],[-73.7765807098606,40.60218931649887],[-73.77651197471427,40.6022131449451],[-73.77652982761256,40.60213815971757],[-73.77687575407894,40.60180963523918],[-73.77749082004739,40.60130647953088],[-73.77770514895494,40.601058176910826],[-73.77810005857339,40.600796605449965],[-73.7783707042397,40.600834583189155],[-73.77809991955228,40.60072786733307],[-73.7781808697831,40.60038554108578],[-73.77886696798227,40.60049874430103],[-73.77968480144601,40.60068308620623],[-73.78042062181389,40.6005074841253],[-73.78121212475875,40.59972363005979],[-73.78165884725456,40.59925639523398],[-73.78201130686443,40.59881694294631],[-73.78149557370475,40.59801681040708],[-73.7809305400691,40.59748733362213],[-73.78023674755505,40.597232816450756],[-73.78015594130339,40.596880565702286],[-73.78000376658225,40.597041221923256],[-73.7795923826461,40.597410057497136],[-73.77898142408178,40.597730418536806],[-73.77899722000679,40.59778327417934],[-73.7787115417415,40.59794788778284],[-73.77851179227498,40.598085823539186],[-73.77818894084251,40.598215596753754],[-73.77793995584116,40.59841494332941],[-73.77738606412751,40.59886697069827],[-73.77713029383239,40.59965359646175],[-73.77635394700256,40.60092800485114],[-73.77617915144884,40.6011511439445],[-73.77598423858174,40.601409324939276],[-73.77538820339004,40.60165060096752],[-73.77490020705493,40.6016161047682],[-73.77485335186378,40.60126850169616],[-73.77473244431853,40.6009858681618],[-73.77459908825223,40.6009305437062],[-73.77472263330479,40.60070178762815],[-73.7745821762569,40.60041562621354],[-73.77444333608139,40.60029027291196],[-73.77426028244,40.6001447454859],[-73.77422291360627,40.600015842588846],[-73.77415219771082,40.599645056515655],[-73.77416922544772,40.59960696882379],[-73.77410973033987,40.59959550544497],[-73.7741645598181,40.59935488374409],[-73.77417338921582,40.59929106289547],[-73.77411815160373,40.59925045805248],[-73.77422263379137,40.59900378505655],[-73.77415626354212,40.59898213143312],[-73.77405725561293,40.598867948431845],[-73.77377245684352,40.59870508653121],[-73.7737181027182,40.598240767898915],[-73.77333499547417,40.59806369909563],[-73.7730670625798,40.597885081859154],[-73.77275691437477,40.59790368749684],[-73.7722403899669,40.59791734910602],[-73.7716161871368,40.598008440632555],[-73.77112543742163,40.59830568767631],[-73.77068877375342,40.59817679529933],[-73.77037291397623,40.59809176820847],[-73.76969872104883,40.59817498756167],[-73.76942238151479,40.598248627173284],[-73.76864003071053,40.5979530881577],[-73.76815495736325,40.59781988603313],[-73.76802839158357,40.59800389559855],[-73.76793501234464,40.598133185122364],[-73.7681062491693,40.59822061090646],[-73.76829168302481,40.59834035055517],[-73.76865718894723,40.59838175410106],[-73.76902297252782,40.59850001801276],[-73.76926586446582,40.598506079654456],[-73.7698000253883,40.5986930911348],[-73.77031339088306,40.59897801872386],[-73.7705745008754,40.59888111170243],[-73.7709002697019,40.59884297578273],[-73.77105912334292,40.59917048108931],[-73.77116052436338,40.59942245207376],[-73.77111419742226,40.60006435310834],[-73.77112817318239,40.6003645980265],[-73.7707424465438,40.6015817158007],[-73.77065189914454,40.60185473718409],[-73.77022211742573,40.602673485645866],[-73.7703108795631,40.60306215633477],[-73.77016339512014,40.60308679743282],[-73.77020712683706,40.60312326562137],[-73.77044257831336,40.60381846209779],[-73.7705402800427,40.60467540204202],[-73.77021738563218,40.60510347129214],[-73.77011696327918,40.605227322580475],[-73.77003471161147,40.605441932421016],[-73.76983994145701,40.606200314478535],[-73.77001915829374,40.60718018748998],[-73.76977122317577,40.607572950525416],[-73.76970434810828,40.60800733755301],[-73.76936097974847,40.608356649091654],[-73.76916985338728,40.60860010478374],[-73.76900889128517,40.60892343853973],[-73.76894000845762,40.60920966513593],[-73.76917976560829,40.609700873756225],[-73.7698181845457,40.61008787541814],[-73.77032510149107,40.61023428788793],[-73.77049087623648,40.610178800339376],[-73.77071371980347,40.61027240823681],[-73.77102585543048,40.61039083857606],[-73.77125101879496,40.61038983710179],[-73.77187463766262,40.61087020776189],[-73.77199007357873,40.61125405226905],[-73.77225630686424,40.61150442086565],[-73.77336225061585,40.611134603020496],[-73.77313072668937,40.610618368630945],[-73.77288018741426,40.61016596328699],[-73.7729626868655,40.610152762945724],[-73.77354839797637,40.61100218567642],[-73.7738108133512,40.61146027588109],[-73.77392394407993,40.61210250080076],[-73.77395840158945,40.61212338846282],[-73.77413182408654,40.61181536285982],[-73.77416205233122,40.611818600792404],[-73.77413155309671,40.61194314444447],[-73.77398491677855,40.612478874516185],[-73.77359545811419,40.61340282120665],[-73.77324211957864,40.61368233734823],[-73.77290597269679,40.61357051843638],[-73.77127403818982,40.61393585621744],[-73.77094292594998,40.613971126670606],[-73.77010609275645,40.61406317623786],[-73.769447594984,40.61397341704381],[-73.76887037118327,40.6140658321102],[-73.76811864665694,40.61419476714469],[-73.76751860616439,40.614224452764375],[-73.76681903151123,40.61429096192395],[-73.7666913977118,40.61425465545003]]],[[[-73.76670827781243,40.61491086618555],[-73.76825288003396,40.614877725169364],[-73.7739769201883,40.61600357567146],[-73.76873454755723,40.620900868220275],[-73.76745926950545,40.62051132206254],[-73.76671931102523,40.61500363323209],[-73.76670827781243,40.61491086618555]]],[[[-73.79783533398519,40.62740871657151],[-73.80096292242341,40.61777236939703],[-73.80698502381063,40.623871998829955],[-73.79783533398519,40.62740871657151]]],[[[-73.81307233892619,40.62926109964268],[-73.81089990481618,40.61621847134093],[-73.81627026043994,40.6271458059171],[-73.81307233892619,40.62926109964268]]],[[[-73.82337592129355,40.638987655897566],[-73.82189973572817,40.6331757178043],[-73.81991014068154,40.62784065311699],[-73.81891708039836,40.6230902671633],[-73.81682455918789,40.61946156485393],[-73.81655519572521,40.61488106871919],[-73.81598412428662,40.61428695826421],[-73.81408062432932,40.61455840923625],[-73.81535703016011,40.61392697127489],[-73.8153219532688,40.61325118690902],[-73.8158891422902,40.61188656330823],[-73.8145026156671,40.611058473505416],[-73.81517762806358,40.61005567508303],[-73.81496328804435,40.60764059442469],[-73.81552816722287,40.60616306994507],[-73.81597032048252,40.60607436245344],[-73.81725370593527,40.60394032418926],[-73.82033688567259,40.596648998103724],[-73.82045130926592,40.59583934551063],[-73.82079778689635,40.59515300659336],[-73.82565454767344,40.594964406524284],[-73.83241209664993,40.59461849262109],[-73.83336087722189,40.597235511398644],[-73.83049675903271,40.59749592819192],[-73.8290977742234,40.59776345522065],[-73.8271301912551,40.59843137292767],[-73.82687651956229,40.59872114777136],[-73.82624639560714,40.59929860742199],[-73.82584854764573,40.59944023957886],[-73.82572400125532,40.59875357871933],[-73.82494971329719,40.598166295033195],[-73.82420916799519,40.59846490647641],[-73.82461719911497,40.598715023610644],[-73.8247429240798,40.598398990422254],[-73.82468179156815,40.59861083220983],[-73.8245650238147,40.5989123875315],[-73.82439431638872,40.599087873285185],[-73.8241085473059,40.59899472661512],[-73.82317337306216,40.600049106375046],[-73.82304012567123,40.600050274348874],[-73.82212726966938,40.59983456339878],[-73.82173154753423,40.60007648099629],[-73.8244364376248,40.6003449833496],[-73.8235113029426,40.601545771160666],[-73.82289824020938,40.60290458228982],[-73.8227152139278,40.604950083879814],[-73.82290463377522,40.60585127742959],[-73.82117120517646,40.60724881482913],[-73.81997458769446,40.60941885995845],[-73.8206893333314,40.612258745567416],[-73.8211499519637,40.611393351017334],[-73.82055813673699,40.609952108963746],[-73.82168241135344,40.60871510658714],[-73.82289233348577,40.61033702219405],[-73.82436121280679,40.61243932957919],[-73.82575322105289,40.61419208154005],[-73.82747351895237,40.61355236332681],[-73.82807653538545,40.61420552712735],[-73.83331105440293,40.61449331081873],[-73.83219207032322,40.62938156907499],[-73.83119929287747,40.63237458160871],[-73.83155195072106,40.63384438316006],[-73.83309423850207,40.637439989656286],[-73.82636306756062,40.635764144352756],[-73.82466283191333,40.63607419492454],[-73.82337592129355,40.638987655897566]]],[[[-73.85898002979157,40.65267545783549],[-73.85702601785154,40.65069371930443],[-73.85898002979157,40.65267545783549]]],[[[-73.85898002979157,40.65267545783549]]],[[[-73.8597553367327,40.65410417618974],[-73.86072015717335,40.65519718344291],[-73.8597553367327,40.65410417618974]]],[[[-73.83032725337065,40.65513280580329],[-73.8298891985602,40.65552282258399],[-73.83032725337065,40.65513280580329]]],[[[-73.87287195903878,40.78597502780475]]],[[[-73.82049919995313,40.801011467818995],[-73.82022342798216,40.800723459838366],[-73.82004118635477,40.800823473465144],[-73.81990613592083,40.80091797726169],[-73.81985721886358,40.80099217327737],[-73.81972211480358,40.80088753156643],[-73.81951808458189,40.800833082906465],[-73.81932120799776,40.80069765404638],[-73.81915817148865,40.80057629912719],[-73.81897791709376,40.80042511085602],[-73.81882440672909,40.80029193727516],[-73.81862984578225,40.80016837030085],[-73.81845419847086,40.800023086840746],[-73.81827294836097,40.799894650326394],[-73.81810234193347,40.799782971280784],[-73.81791925106874,40.79966477127696],[-73.81775278355008,40.79954379540315],[-73.81758502009882,40.799424213725096],[-73.81736282283465,40.799277873373356],[-73.81717578003557,40.799193226241535],[-73.81693586346816,40.799134826796184],[-73.8167400168754,40.79908502311905],[-73.81654854763705,40.799037677136575],[-73.81640659548857,40.7989055359013],[-73.8162547237459,40.798787139198794],[-73.8161175424351,40.798631728242974],[-73.81598336462662,40.79851278311393],[-73.81578412577588,40.79843937143114],[-73.81560033524553,40.79835835602181],[-73.81540952768518,40.798278780519695],[-73.8152152850832,40.798198675509454],[-73.81499925145187,40.79810176759509],[-73.81480358514976,40.79801856239512],[-73.81465180058083,40.797942811944026],[-73.81444602800987,40.79785937360736],[-73.81427163737352,40.79778704347892],[-73.81405050911256,40.79771199950965],[-73.81385026362037,40.79761453844301],[-73.81366682246973,40.79753778150255],[-73.81364167178128,40.7973873299417],[-73.81370919053613,40.79722664479342],[-73.81337822710199,40.797314201761445],[-73.81293494789342,40.79716245481526],[-73.81279234462089,40.79732076622024],[-73.81274572828696,40.797468327522616],[-73.81271176323361,40.797629911960556],[-73.81265367026259,40.79778801854782],[-73.81259374717077,40.79793114519967],[-73.81250447289143,40.79808248240446],[-73.81229327292132,40.79812580413535],[-73.81208560683423,40.798097054497035],[-73.81185173546722,40.79804905460527],[-73.81176964142281,40.79793564701999],[-73.81175556681939,40.79776300715793],[-73.81141359783162,40.797333142674795],[-73.81119587931882,40.79729809881045],[-73.81091914145846,40.79726214758322],[-73.81070452141685,40.79723784255851],[-73.81050672905849,40.797217697313194],[-73.81028414762488,40.79717613269167],[-73.81007743107796,40.79711924963541],[-73.80988984361328,40.79706904332023],[-73.80968479427654,40.797033594825834],[-73.80947254416628,40.79700594124617],[-73.80924387841011,40.79695881745685],[-73.80907072097281,40.79688510475422],[-73.8088751640465,40.79681699003544],[-73.8086996800501,40.79679035004341],[-73.8085009169147,40.79677009269176],[-73.80829626784498,40.79673217490735],[-73.80778748187683,40.79668633750119],[-73.80636331452577,40.79639360543767],[-73.80628396673889,40.79639204915209],[-73.80624026055715,40.79645760002462],[-73.80587626284579,40.79647298343039],[-73.80539573274983,40.79617082151334],[-73.80532433939834,40.7962251795308],[-73.80516618619417,40.79617464998676],[-73.80503056310796,40.79614373858828],[-73.8046278207767,40.796365003620295],[-73.8045199470674,40.79615640863164],[-73.80433026988082,40.796230700749454],[-73.80428996549988,40.79621261530619],[-73.80411471611373,40.79623992696618],[-73.8039430874497,40.796289342285625],[-73.80380261038668,40.79651489728153],[-73.80364301509161,40.796406085507584],[-73.80354081032108,40.796451837927485],[-73.80344369578079,40.7965753204809],[-73.80335968645419,40.79671076500758],[-73.80314526097862,40.79671037253548],[-73.80291966493797,40.79639678314209],[-73.80272775636637,40.79636352289022],[-73.80259968008896,40.7963306698487],[-73.80242602952002,40.796270452527],[-73.80220302420847,40.796262713687966],[-73.80198985243004,40.796279609832965],[-73.80177947698412,40.79631614185258],[-73.80168461858928,40.79633397978947],[-73.80147573299999,40.79636348076843],[-73.80128784249823,40.79641788921873],[-73.80109174499104,40.79649396768362],[-73.80097218192783,40.7964631267717],[-73.80087826048808,40.79633789414244],[-73.80067173268912,40.79635174668059],[-73.80060754119206,40.79641627414679],[-73.80051806622035,40.7963018899828],[-73.80029381644958,40.79625497350852],[-73.80006403229245,40.79648385607759],[-73.80009214191581,40.796254677690186],[-73.79987296005109,40.796189137348065],[-73.79966586398125,40.796179258300214],[-73.79967362498451,40.7963253240965],[-73.79954855941905,40.79627294965463],[-73.79938044493392,40.79617332400579],[-73.7992423619816,40.796068210522556],[-73.79903175979592,40.79603476781345],[-73.79882616964305,40.79599310361462],[-73.79866031145185,40.79593572187007],[-73.79852481785436,40.79583694249291],[-73.79836274355326,40.79571213812791],[-73.79817107928994,40.7956271011699],[-73.79795974255602,40.79557477258468],[-73.79784464434064,40.79554585424318],[-73.79763313756135,40.79549067783259],[-73.79742732477546,40.795449631086385],[-73.79723241146324,40.79544753286821],[-73.79723849400847,40.79533751086955],[-73.79705038771287,40.79529483022946],[-73.79679807499623,40.7952357806142],[-73.79646720043993,40.79558146783365],[-73.79654395497099,40.79513221591909],[-73.79633114341061,40.795078619598925],[-73.79611590612129,40.79502421882765],[-73.79510069762428,40.795065996952744],[-73.79507043234779,40.79497635861883],[-73.79462988817099,40.79492840117831],[-73.79442729938795,40.79480085558764],[-73.7944567206722,40.79478635698972],[-73.79458245603868,40.79477240046273],[-73.7943754673909,40.79422283829077],[-73.79460437090862,40.793927901980446],[-73.79461527027158,40.7937668843703],[-73.7945856464125,40.79360604650112],[-73.79462883150343,40.79344244872747],[-73.79470050095918,40.793263186946106],[-73.79474880601917,40.79306787293379],[-73.79477366900423,40.79286667303146],[-73.7947105366036,40.79271343007723],[-73.79481645605276,40.792596832307694],[-73.7949358523425,40.792482563400995],[-73.79493082375262,40.79231847462109],[-73.79495314924849,40.792152128850105],[-73.79496327179093,40.79197400894596],[-73.79495487874317,40.79179084038406],[-73.79463460293383,40.791010732180034],[-73.79407276315244,40.78973188917799],[-73.7939794343711,40.78952531797998],[-73.79389479238422,40.789383237804174],[-73.79381165906855,40.78919795541295],[-73.7937512648411,40.78906193333896],[-73.79323941781153,40.789530249703816],[-73.79343369196042,40.78896619950199],[-73.79324618916165,40.78891135665864],[-73.79306290763354,40.78884438101112],[-73.79258763290989,40.78879612395843],[-73.79196317856005,40.789207672323585],[-73.78799358353123,40.79034968837411],[-73.78170213941891,40.79117525786649],[-73.7815815324612,40.79344438658183],[-73.78079182072652,40.79403591986439],[-73.78317026275755,40.79487586588121],[-73.7832587625304,40.794923914800506],[-73.7816576105102,40.79555862334201],[-73.77868530361933,40.79660919102859],[-73.77848101850059,40.79668803312994],[-73.77827066301276,40.796725125731356],[-73.77806662937604,40.7967387273043],[-73.77787108189376,40.796698972430256],[-73.77767875245772,40.79665676298418],[-73.77747147920527,40.796633202451794],[-73.7772952207601,40.79657260898988],[-73.77709075818886,40.796509449343056],[-73.77690167683947,40.79645679128879],[-73.7767208289605,40.7963622120522],[-73.77653362678078,40.79625843529084],[-73.77634039397628,40.796175521871724],[-73.776164290839,40.796087235847544],[-73.7760293623413,40.79596769409025],[-73.7758861231169,40.79583893065465],[-73.77576359025647,40.7957192962502],[-73.77563103732935,40.7956017825139],[-73.7755319526739,40.79550061678081],[-73.77540246897259,40.79538332670375],[-73.77527655563809,40.795261872556445],[-73.7751384580311,40.79515194873429],[-73.77471814244024,40.79485987012773],[-73.7740602892832,40.79407730308976],[-73.77401822194828,40.79376821845368],[-73.77349649263611,40.79258050701903],[-73.77266865746697,40.791786843577384],[-73.77225850219457,40.79110645594486],[-73.77210255348933,40.790130000159344],[-73.77171860487626,40.78966141348842],[-73.77117144968767,40.78776372000135],[-73.773790965526,40.78682895783376],[-73.77444617141916,40.78717856502961],[-73.7745119519226,40.78672886084857],[-73.76908807714582,40.780532832334046],[-73.76707343356621,40.78007042899436],[-73.76807788861797,40.77925206154375],[-73.76600398326558,40.77506700693254],[-73.76044056848679,40.769485186931476],[-73.7586426435808,40.76735717003546],[-73.75641084289754,40.76651422276759],[-73.7565146831241,40.7663610496119],[-73.75650846744549,40.76634739396743],[-73.7562555932361,40.76635184870081],[-73.75425235038243,40.765529112465416],[-73.7535570448884,40.76486880710366],[-73.75236834738647,40.763949379623185],[-73.75139722117514,40.76223244243897],[-73.75057468214739,40.76167881585934],[-73.7479657349687,40.76029609985873],[-73.74642546310541,40.75922354214357],[-73.74640309403436,40.75831296844925],[-73.7462371874518,40.7579282362508],[-73.74628478821259,40.75781730093918],[-73.74618193736207,40.75768895185612],[-73.74605833716048,40.75769892890421],[-73.74579714457577,40.75785380882725],[-73.74563031826342,40.757711652410926],[-73.74528752286867,40.75746916979262],[-73.7450760152758,40.75726199701838],[-73.74492365424837,40.757156599272854],[-73.7448657289832,40.7570300574023],[-73.74476810038367,40.75700507081331],[-73.744629365317,40.75686126638481],[-73.74464011025239,40.756695584400084],[-73.74462606107214,40.75655120257328],[-73.74456887603046,40.75681756964934],[-73.74465468364062,40.75699627778749],[-73.74491660449468,40.75723772854089],[-73.74514854061401,40.757389426971976],[-73.74533783768736,40.757529925840174],[-73.74561102782191,40.757762857715285],[-73.74581822381143,40.757923042325366],[-73.74602983803099,40.757808197969766],[-73.74617537880796,40.757935786535754],[-73.74622788360381,40.75801192260567],[-73.7461622437191,40.75902479927693],[-73.74765057016275,40.760223879437625],[-73.74821974793957,40.76120739621181],[-73.74938249132596,40.7617813564271],[-73.75018846125843,40.76164046480937],[-73.75153545083505,40.76303855921119],[-73.75169523455712,40.76365182736872],[-73.75247851756156,40.76448203746588],[-73.75319227856563,40.765101952761405],[-73.75348752244511,40.76546498164389],[-73.75363204552939,40.76559479755886],[-73.7537219049886,40.76568569817968],[-73.75377002886901,40.765801077952744],[-73.75389540789968,40.76592715480239],[-73.75410427864367,40.76621741922552],[-73.75421368215227,40.76635216629053],[-73.75436074582072,40.766460230708894],[-73.75469598214275,40.76699678033961],[-73.75491753527466,40.76724768847308],[-73.75492911896278,40.76801576419734],[-73.75485529629614,40.76823256109787],[-73.7548324391402,40.768338426952326],[-73.75486256146148,40.768395718535245],[-73.75479533576188,40.76845184070271],[-73.75471684573895,40.76860980037276],[-73.75458524725448,40.76865137273344],[-73.75449196913836,40.76865971500435],[-73.75439618245466,40.768738947811315],[-73.75440392715772,40.768771421033456],[-73.75447054668642,40.768783968175214],[-73.75470720411693,40.76878744316482],[-73.7547111507059,40.76893607268946],[-73.7546968258224,40.76916495330188],[-73.75469921402927,40.769431452837644],[-73.7547059371668,40.76974152294668],[-73.75520665378238,40.770675053601984],[-73.75556140286817,40.77144869926292],[-73.7550592038605,40.77171917469338],[-73.7537222129142,40.77257021795101],[-73.75363972748993,40.77386687964432],[-73.75414415458532,40.77504467904686],[-73.75470912129711,40.775855197322315],[-73.75513664233075,40.77640719547497],[-73.75486606345201,40.77687283113562],[-73.75496863967122,40.77708149444824],[-73.75484180870613,40.77748504846189],[-73.75471005536696,40.77767238421962],[-73.75430006363418,40.778417615914755],[-73.75393275467017,40.779762610580384],[-73.74153532922634,40.777110631172675],[-73.73113636483882,40.770869556199436],[-73.72080904855127,40.764647716340725],[-73.71085768998326,40.7581950646408],[-73.70090127413576,40.74712854357797],[-73.70228084265766,40.73612579661857],[-73.70856949081697,40.72763641842607],[-73.72257879305249,40.72487767603628],[-73.72508489057667,40.72419561410352],[-73.7300483090278,40.72232591485306],[-73.72735961842658,40.71238894111479],[-73.72672841221143,40.702145735755444],[-73.72617495100408,40.688650030109926],[-73.72568736826793,40.680250454863014],[-73.72792572850052,40.67009714852271],[-73.72781392393443,40.66322396947803],[-73.72580343605266,40.65719125263716],[-73.733982598809,40.64985220929755],[-73.7420508495277,40.64147420452568],[-73.74066807005607,40.63520396413288],[-73.74041969158274,40.635178606668404],[-73.74098927253286,40.635101199425996],[-73.74164684545002,40.63504715472515],[-73.74170635665385,40.63495563735352],[-73.74254960752425,40.63527543937578],[-73.74246887116446,40.635345261159934],[-73.74243638020498,40.63571275510746],[-73.74194304350243,40.63626225729083],[-73.74112989506912,40.63771433357992],[-73.74133615185958,40.6379219487748],[-73.74141346178016,40.63793664257873],[-73.74172246881962,40.63805606667879],[-73.74272966303367,40.63827015598168],[-73.74378537838443,40.638428730572215],[-73.74402450885479,40.63866200607284],[-73.74406202167819,40.63843307349591],[-73.7444589673922,40.637655119311184],[-73.74473117199709,40.63738030809247],[-73.74471387604862,40.63722840062141],[-73.74486538068547,40.637176460396965],[-73.74512766324747,40.637200104957216],[-73.74533233070198,40.637106647920454],[-73.7459782539319,40.6367262181368],[-73.74623652817681,40.63646265533096],[-73.74679074637307,40.636778135546706],[-73.74620675133019,40.63740451164498],[-73.74527129986738,40.63793857746915],[-73.74525353272968,40.63827254271647],[-73.74551058251754,40.63794388103335],[-73.74635102409641,40.637486357057085],[-73.74657199571632,40.637271327120175],[-73.7469597418972,40.636894483028506],[-73.74702484940626,40.63709147611484],[-73.74710402622482,40.63721125924127],[-73.74692804317479,40.63756686348818],[-73.74677741523459,40.637846129260154],[-73.74678126086303,40.63819432789093],[-73.7465958542384,40.63868008689289],[-73.7465093670255,40.63891423882099],[-73.74640403567457,40.63922983302912],[-73.74632253266115,40.63933802881437],[-73.74635262535979,40.6395390199871],[-73.74617119788896,40.64038875641883],[-73.74630536496775,40.640579500230245],[-73.74635425905275,40.640766735772026],[-73.74635900397858,40.641143363885064],[-73.74633571438416,40.641327468173394],[-73.74633897074285,40.64140434245735],[-73.74664070003917,40.64198935954753],[-73.74687715502888,40.64240122492034],[-73.7469188472926,40.642578903111044],[-73.74722390911244,40.643068983129176],[-73.74748116176622,40.64333150085217],[-73.74754200922463,40.64344800583259],[-73.74758748856826,40.64348959541207],[-73.7478478427397,40.64373505692549],[-73.74804829110694,40.64391993220428],[-73.74820934626639,40.64410883531889],[-73.7484508203302,40.644252269402486],[-73.74869290114364,40.644903823055536],[-73.74897770746675,40.645171247870216],[-73.7492170233818,40.64502597209826],[-73.74947856336306,40.64494950001395],[-73.74975168064552,40.645165635875735],[-73.75052794843316,40.64566859624152],[-73.75147648346532,40.64632636065566],[-73.75308117476024,40.64722772076722],[-73.75350346524509,40.64743182753902],[-73.7540619043758,40.64775690352413],[-73.75340189507162,40.64680746120925],[-73.74873829475736,40.64336800468389],[-73.74756562875507,40.641698380540824],[-73.74741303425746,40.64126061475279],[-73.74754438872858,40.641122755813655],[-73.7474359998433,40.640130138273285],[-73.74754806715438,40.63943521717556],[-73.74767582401286,40.638800446336624],[-73.74782811200761,40.63826180424531],[-73.74786067163464,40.637953522294104],[-73.74802908555861,40.63730045713853],[-73.74812714762479,40.63686761204868],[-73.74843376366314,40.635925359924094],[-73.74879635109592,40.635201031756566],[-73.74976433500717,40.63485859278574],[-73.75075214038347,40.63459759879651],[-73.75140687152668,40.63421056568774],[-73.7521685044792,40.63381670298538],[-73.75319120578045,40.63357213657711],[-73.75376610329039,40.633357071347326],[-73.75429961124608,40.63311025463351],[-73.75464121379537,40.63297551510204],[-73.755074977083,40.63283191964067],[-73.75531032909954,40.63273710213405],[-73.75561458360906,40.63265039210779],[-73.7558590453166,40.63255682686139],[-73.75617464623772,40.6324806245981],[-73.75639379824351,40.63242091111663],[-73.75686080252584,40.632262390508224],[-73.75716715076202,40.63217716427682],[-73.75748388847657,40.632014268470556],[-73.75786268427896,40.631818091810096],[-73.75840841890218,40.63169176915348],[-73.75897295236892,40.631496990166276],[-73.75932306065128,40.631331055600896],[-73.7596854707686,40.63103820844862],[-73.7601097130452,40.630910236588235],[-73.76046054726433,40.63070115828215],[-73.76079949399495,40.63065058390775],[-73.76116827706814,40.63051137300016],[-73.7615848407395,40.63044210461226],[-73.76198412013522,40.6303226909431],[-73.76225678249267,40.63018252866887],[-73.76285890498971,40.62983391078925],[-73.76317183161329,40.62967943343044],[-73.7633960970319,40.62959236515288],[-73.76357199559811,40.62958685593409],[-73.76363451075186,40.62955579203352],[-73.76379419551257,40.62946814004571],[-73.76416750563268,40.62934571542474],[-73.76442460222653,40.62924402184172],[-73.76450783875133,40.629228385472146],[-73.76457869774386,40.629249157287795],[-73.76482408360904,40.62937705155917],[-73.76499505630471,40.629419909851386],[-73.76503655938663,40.6293605665271],[-73.76496153922169,40.62930619520067],[-73.7648045518265,40.629220936342016],[-73.7647374876042,40.62917665132526],[-73.76490640848262,40.62910375507779],[-73.76521337779822,40.628985429884104],[-73.76577556468409,40.62866238719357],[-73.76652997878658,40.6282052927223],[-73.76684540771735,40.62766525779152],[-73.76686894093315,40.62757535017569],[-73.76700536082537,40.62751882642585],[-73.76701534722713,40.62734686631854],[-73.76707761681368,40.62725424460399],[-73.76740145138241,40.626658435547526],[-73.76777231403113,40.62599617222933],[-73.7682564832235,40.625360801939756],[-73.76834605632295,40.625069714189586],[-73.7686206953167,40.62456197749489],[-73.76878236333695,40.62432279617564],[-73.76880635050689,40.62415603932061],[-73.76881348090902,40.62398162260027],[-73.76875291713563,40.6238083543569],[-73.76855326073448,40.62318922918029],[-73.7686064464502,40.62298548487996],[-73.76869442937246,40.62266565879529],[-73.76880795776505,40.622516271902136],[-73.76929141399984,40.62217706408409],[-73.76943909509676,40.62202376460087],[-73.76948200720179,40.62201875407749],[-73.76952502102931,40.62211099217969],[-73.76957621668497,40.621939342048044],[-73.76964674470388,40.6218300428351],[-73.76973131447788,40.62172125402182],[-73.76980475743753,40.62157611328909],[-73.76981558097471,40.621377350999786],[-73.77000686451932,40.62096477465571],[-73.77014161709735,40.62074716737715],[-73.7705895200309,40.620114639409096],[-73.77156382723825,40.62136052778757],[-73.770924954283,40.62250703334528],[-73.77083838266061,40.623203191911216],[-73.77109995888736,40.62323053413233],[-73.7717276028514,40.62358502803034],[-73.77207296880074,40.62293919036049],[-73.77515794285789,40.619293716067595],[-73.7746343752236,40.61998285399988],[-73.77408383225341,40.620689876055714],[-73.77347730578087,40.621373721048805],[-73.77292561443488,40.6220815899739],[-73.77237278964554,40.62278945112993],[-73.77217018334774,40.62335963116914],[-73.77255536242434,40.62444892666902],[-73.77357897320323,40.62516133095205],[-73.7751976415168,40.62683144739003],[-73.77736689540788,40.627693821600886],[-73.77923952344828,40.62731703440736],[-73.78115275070479,40.62523765480374],[-73.78493153947481,40.620468920663235],[-73.78520870265945,40.61923734791782],[-73.78478291732563,40.61811635181469],[-73.78458184988719,40.617855050601214],[-73.78433788632184,40.617309125484795],[-73.78415704405525,40.61660620428703],[-73.78366002987653,40.61610922673385],[-73.78275635553688,40.61563170180904],[-73.781996568771,40.615152899593575],[-73.78144149492906,40.61494621158031],[-73.78098597748867,40.61474950353711],[-73.78097249377593,40.613963663010296],[-73.78119226513002,40.613557710288035],[-73.78261557467623,40.61249796863679],[-73.78345861352139,40.61206136486554],[-73.78457993639395,40.611987583008144],[-73.78507251590153,40.61164578191832],[-73.78710253758442,40.610677695554585],[-73.78761442879377,40.61031633464019],[-73.78853725349597,40.61002427421316],[-73.78886620290741,40.60961116358752],[-73.78928528024619,40.60913701641446],[-73.7901116708336,40.608859453330474],[-73.79046997488351,40.60829951022692],[-73.79087659100064,40.60769558928749],[-73.79156369380661,40.60776587243998],[-73.79141980894757,40.60860234374856],[-73.79311408510233,40.60877147197762],[-73.79377580688383,40.60915005608765],[-73.79415448227476,40.60959248338819],[-73.79455369214614,40.61001560132697],[-73.7950855014363,40.610489017809954],[-73.7967991943689,40.61100859285834],[-73.79736731722677,40.611154028935616],[-73.79839061713041,40.61131636909353],[-73.79912554232712,40.611845008980474],[-73.79988381658066,40.611785130802375],[-73.80053951677232,40.61165163032443],[-73.80067977373253,40.61201417968271],[-73.80007125684415,40.61248069532334],[-73.8000155029864,40.612862489722566],[-73.79946811138723,40.61329483582887],[-73.79968510153105,40.61377747404307],[-73.799502661097,40.614408401321796],[-73.79928524480069,40.615048588038775],[-73.79902592908967,40.61545663968875],[-73.79888215665812,40.615521171218965],[-73.79877337735287,40.61571471261728],[-73.79850308354352,40.61588728211109],[-73.79840921414507,40.61576767343394],[-73.79806456056266,40.615888738242795],[-73.79821336662808,40.61599842785603],[-73.7980679403375,40.61631879690426],[-73.79738616088444,40.61657964154201],[-73.79732140914078,40.61682746430596],[-73.79740304786134,40.61701748579914],[-73.79739398850933,40.61716437808293],[-73.79723859240003,40.61753931321158],[-73.7971659197032,40.617589838710316],[-73.79684885740907,40.61766454118815],[-73.79680711815645,40.61774919971674],[-73.79678918081794,40.617933378162505],[-73.79700484778853,40.61837994395798],[-73.79650023582779,40.61845738896824],[-73.79622603236344,40.618829002505706],[-73.7962919725533,40.6193285142356],[-73.7955953430827,40.620211013607275],[-73.79552579101805,40.62094766446794],[-73.79511148378306,40.621183129788584],[-73.79518315970247,40.62157137749005],[-73.79483889467379,40.62188550276835],[-73.7946534228449,40.621816184593484],[-73.79444985028825,40.62183820068972],[-73.79460957198226,40.622158726001054],[-73.7946632960254,40.62247384309938],[-73.7936621898034,40.6227827017292],[-73.79030507811882,40.622582561427016],[-73.7889626268567,40.62328635539512],[-73.78570771770143,40.63209452411532],[-73.78941186074789,40.634073962977396],[-73.78971600036539,40.634067249773985],[-73.79076947485197,40.63384872575818],[-73.79078401414175,40.63400291334795],[-73.79069609930428,40.634214753259336],[-73.79805537169102,40.631224458598126],[-73.79174707931183,40.63549302075523],[-73.79394583464652,40.63638620819088],[-73.79579770842194,40.63718284801838],[-73.79764910045355,40.63804020535896],[-73.79908757609132,40.63837127066022],[-73.80621927671375,40.64165256037453],[-73.81278138104244,40.64450580732235],[-73.81633528722058,40.6459634471064],[-73.8176125406733,40.64614028701633],[-73.81895364819293,40.646864599399024],[-73.82062072622637,40.64860348931488],[-73.82182513624892,40.64989979587491],[-73.82216534681451,40.650973219391005],[-73.82250308723738,40.65203740579654],[-73.82285571192213,40.653374139149456],[-73.822387332043,40.65929798928427],[-73.82169139439422,40.66003508674306],[-73.81977097679977,40.660820946705385],[-73.81854750471473,40.66109480831711],[-73.81750491431546,40.66104832620149],[-73.81613358334387,40.660784582467535],[-73.81515235583694,40.660594956352995],[-73.81388342232954,40.66036953568021],[-73.81157245411507,40.660217980880745],[-73.8114036641807,40.66066392387238],[-73.81408379964239,40.661259193392965],[-73.81699793816573,40.66175830154154],[-73.81775237687619,40.66190273540428],[-73.81850747205787,40.6621051253082],[-73.81932891080704,40.66189595044535],[-73.82020126179644,40.661503739341164],[-73.82076957662187,40.66134340548315],[-73.82202184163975,40.66079814348778],[-73.8227583698563,40.66053018662856],[-73.82406197808744,40.6585442224806],[-73.82412449130828,40.65803439533398],[-73.82410557911012,40.65772182318792],[-73.82444909603728,40.657196409512665],[-73.82445750268344,40.653759079022606],[-73.82428324321731,40.6532233998737],[-73.82402448893473,40.65223334272408],[-73.8237414740108,40.65117852776979],[-73.82371925896638,40.650766873715085],[-73.82354044908443,40.649950181452844],[-73.82339285229132,40.64935407310839],[-73.82319444111558,40.64801116168028],[-73.82390364725667,40.648866720139466],[-73.82395972248919,40.64919353349297],[-73.82464845979977,40.64971518096836],[-73.82482377677472,40.649681901661666],[-73.82474388012744,40.64943427658721],[-73.82514876208538,40.649463170312686],[-73.82560089686524,40.64952848678043],[-73.82595977198935,40.64953642508326],[-73.82611120982536,40.650047113242074],[-73.82624916692725,40.649932711531676],[-73.82612212300796,40.64970346461517],[-73.82617842116282,40.64951029791737],[-73.82642475828368,40.64930121855726],[-73.82631620636481,40.64860703331515],[-73.82649802934519,40.648356653302045],[-73.82686957464318,40.648799045186095],[-73.82752122418499,40.648965706852195],[-73.82765338230854,40.6489319868401],[-73.82828395313027,40.649042563461045],[-73.82911349712795,40.649768281272095],[-73.83069916378001,40.651404312586244],[-73.83161314793696,40.653748953236196],[-73.83018320665535,40.65506427326678],[-73.82910836312274,40.65611561380376],[-73.83006519242164,40.65565895787005],[-73.83055620208113,40.65530585075517],[-73.83097845384101,40.654494997287934],[-73.83216050229875,40.65450950867271],[-73.83135764938122,40.655470975839805],[-73.83038132783884,40.656265278423156],[-73.829985260323,40.6565826167572],[-73.82947893001379,40.65644927767984],[-73.82930287477961,40.6568726373388],[-73.82903021278639,40.65716524162266],[-73.82925795356898,40.65785419395171],[-73.82972820317218,40.65812103421226],[-73.82997749698598,40.65831270081886],[-73.82998894883309,40.65849182605145],[-73.82959986903032,40.658656806915346],[-73.82995972828351,40.65929655544071],[-73.83011665938493,40.65978815376846],[-73.83011550258627,40.65964315775379],[-73.82982589468604,40.658961269237665],[-73.83013346980557,40.65853149250714],[-73.82970079467549,40.65792593544329],[-73.82942711948488,40.65701373954084],[-73.83009172569683,40.65673635744863],[-73.83137226599491,40.65589155141573],[-73.83175312959308,40.65496210950514],[-73.83278194361475,40.657548460383495],[-73.83256888625483,40.655027751935165],[-73.83103729946357,40.6487114423776],[-73.83166902767809,40.64797221101766],[-73.83551775585418,40.64841100708056],[-73.83572947152967,40.64906036243431],[-73.83873608555963,40.662454060021076],[-73.83681334575158,40.649249415001975],[-73.84950699084176,40.64413376567875],[-73.85241844896025,40.64725321189554],[-73.85198704979906,40.64844072964057],[-73.85165839001112,40.64900090037794],[-73.85150896387758,40.649123705806474],[-73.85132502492964,40.649133718905055],[-73.85089760175957,40.649200643372886],[-73.85083072973144,40.64951659533432],[-73.85078640831007,40.649777911286264],[-73.8505886734792,40.64993738194243],[-73.85052714912493,40.65036865235391],[-73.85044508631282,40.65045567070597],[-73.85015529624567,40.65065602145418],[-73.84968938316865,40.65087834833245],[-73.84930217800297,40.6510093828231],[-73.8493340565691,40.65129471436313],[-73.84992253316292,40.65165796360367],[-73.85059644320421,40.65155075229333],[-73.8508968231402,40.65150012580617],[-73.85188289617643,40.65079495735933],[-73.8522276747456,40.65065671385675],[-73.85321677107095,40.650650338270694],[-73.85428814586838,40.6507710272126],[-73.85544068316787,40.65121507156703],[-73.85558158624228,40.65127215170904],[-73.85605277956536,40.651398891463536],[-73.85631053684078,40.65202347805093],[-73.85661523669987,40.65268350519321],[-73.85723178255921,40.652910349208064],[-73.85733367832412,40.652831833455245],[-73.858397915746,40.65313299835356],[-73.8592655290217,40.65463850910967],[-73.8607295220207,40.656046812667626],[-73.86140125106604,40.6565780876392],[-73.86086488851127,40.65656105262832],[-73.86061557040894,40.65664054217453],[-73.86047711306267,40.65680648870482],[-73.86011860091388,40.656845385402555],[-73.8599614249585,40.65696629518917],[-73.86005446939393,40.65704144973324],[-73.8598823795487,40.65727360319275],[-73.85970571828658,40.65783698479446],[-73.85963558669377,40.65845777205646],[-73.86023037136593,40.6586175821626],[-73.8601964148926,40.658881495167435],[-73.86041955595206,40.658820522853645],[-73.8603926003622,40.65862014824389],[-73.86048673960906,40.65857154334512],[-73.86049930105911,40.658519976787744],[-73.8605895463832,40.65849394747122],[-73.86092445810513,40.65835234987692],[-73.86096150794978,40.65855978069517],[-73.86077245596444,40.65875445177118],[-73.86053093212236,40.659228474545245],[-73.86081606738055,40.65909311216197],[-73.86127943196225,40.65867219712336],[-73.86113319136585,40.658159241925645],[-73.86050949236058,40.658133598702904],[-73.85982492317096,40.65829897492682],[-73.85977680171469,40.65824220642171],[-73.8597961208776,40.658245989731526],[-73.85997204122235,40.65812936285183],[-73.86003555012763,40.658056498712945],[-73.86019595405867,40.65799055133853],[-73.86033585506266,40.657887123486745],[-73.86057095663065,40.65783942696082],[-73.860485298222,40.65780189396689],[-73.86039455362601,40.65721291443625],[-73.86066287941,40.65715743973717],[-73.8606726065931,40.65709735272126],[-73.86085426730536,40.65691551350188],[-73.86164080314575,40.657152733657554],[-73.86169271052573,40.65801834632877],[-73.85761537185581,40.660118933153804],[-73.8568467622836,40.66860293533297],[-73.86106295016754,40.67434293473014],[-73.86399008780393,40.681928575562914],[-73.86746088825019,40.68841501759571],[-73.87950641154782,40.69114676934506],[-73.89252316898187,40.6834245333072],[-73.89628634687641,40.68275838258721],[-73.90158972104085,40.69163180715854],[-73.90500484834327,40.69611874678639],[-73.91180820038386,40.6999380031239],[-73.91625252031218,40.70606554297954],[-73.91995952864814,40.7082572885232],[-73.92405909737052,40.714111559644905],[-73.92359834442345,40.7155612575952],[-73.9205680891069,40.71599107295815],[-73.92228207681394,40.71648327299207],[-73.92323928226041,40.71792648806664],[-73.92350469094383,40.718235396038324],[-73.923576233619,40.718382072981164],[-73.92363730133184,40.718580947325954],[-73.92371971500313,40.71872306526935],[-73.92384376878016,40.71888261909169],[-73.92393252266967,40.719029272169884],[-73.92396786815662,40.71919109851111],[-73.92397464452574,40.71939281824985],[-73.92397250096987,40.719590909994196],[-73.9239606577603,40.71976392694173],[-73.92385419630126,40.71988756780092],[-73.92386637776904,40.7200306855144],[-73.92384926694835,40.72019324360572],[-73.92393250672872,40.72033927098248],[-73.92400154887693,40.720501173988865],[-73.92406161198598,40.72066005504228],[-73.92416866729904,40.72080595420593],[-73.92422096542764,40.72094566665914],[-73.92417554976446,40.721102829706446],[-73.92420373531107,40.72128608359166],[-73.92425441686584,40.721442985889475],[-73.9244250895905,40.72158041727589],[-73.92456361197068,40.72174247305472],[-73.924712383837,40.72187495515479],[-73.92491241131263,40.721960139314],[-73.92501920171728,40.722113673358116],[-73.92513559141591,40.72226613316137],[-73.92511995706563,40.722402460165654],[-73.9250127532683,40.722595360670056],[-73.92491924470231,40.72277642803456],[-73.9248116292523,40.72297559541926],[-73.92471429210687,40.723129600678355],[-73.92465148338144,40.7232910562563],[-73.92457248802819,40.7234690630594],[-73.92431405339131,40.723604752998945],[-73.92404589530696,40.723609601547],[-73.92382000424594,40.72361408928421],[-73.92358727926033,40.723633394812886],[-73.92335988204212,40.72364065623161],[-73.92309523824532,40.72365626431254],[-73.92284168885722,40.72364881999638],[-73.92256546050771,40.723609821446615],[-73.92231088437033,40.723620492287566],[-73.92211958242355,40.723703696734844],[-73.92188442072312,40.72364960502941],[-73.92166491956554,40.72358588015437],[-73.92143787220596,40.723507390601114],[-73.92119296392285,40.72339938657214],[-73.9209806225512,40.723357845167136],[-73.92073356094134,40.72330981277047],[-73.92064320943336,40.72344303552017],[-73.92050748828241,40.723527202679875],[-73.92044061317404,40.72369546127273],[-73.92066663445848,40.723760697197136],[-73.92092478837894,40.72377836206553],[-73.92115546517991,40.72384101629323],[-73.92138101252573,40.7239073213198],[-73.92154582684317,40.72398428430487],[-73.921735459024,40.724074499713296],[-73.92193443525872,40.7241000467622],[-73.92214626057459,40.72415044838691],[-73.92235638198763,40.72416936550097],[-73.92258302832494,40.72419957761191],[-73.92276253419685,40.72424493073066],[-73.9232087602716,40.7242634192584],[-73.92414685405072,40.724289850598566],[-73.9251366604138,40.72463392476516],[-73.9265728603484,40.72568642855424],[-73.92853805222329,40.72788244993673],[-73.93099163669312,40.72861759858369],[-73.93644563967128,40.72967214559858],[-73.93941918776598,40.73198156260661],[-73.93986983153759,40.73316151979237],[-73.94034365972065,40.73419527943397],[-73.94196641273338,40.73604228460989],[-73.94261730140057,40.73634000426395],[-73.94316721664651,40.73654898645438],[-73.94542629742467,40.737323246383205],[-73.9459441033305,40.73751251570048],[-73.94589209140622,40.7375755904402],[-73.94580315890099,40.73754603046489],[-73.94542554603399,40.737764674823254],[-73.94484209652312,40.737972756003],[-73.94461565846574,40.73813728743484],[-73.94402128751997,40.73828766393559],[-73.9403615928505,40.740335345658195],[-73.94014858521226,40.74283244146002],[-73.94215937774754,40.739551634032345],[-73.94267972562719,40.73930217768122],[-73.94356853368727,40.73892550949322],[-73.94459252874788,40.738573888003174],[-73.95138071451842,40.73933647729503],[-73.95291652689201,40.73965211309403],[-73.95387406540472,40.739814069884254],[-73.95481021948804,40.73981224357937],[-73.95536636374344,40.739764887326906],[-73.9555616242946,40.73976969863889],[-73.95598072513847,40.73971130862289],[-73.95679871035686,40.73961736183668],[-73.95698094007177,40.739635134237474],[-73.95752016571683,40.73952743602201],[-73.95769167671628,40.73942022163393],[-73.95825512163886,40.73918362971909],[-73.95913624628125,40.73880122082434],[-73.95985404654245,40.73849009650408],[-73.96010554777813,40.73846119597235],[-73.9601535168222,40.73834734438553],[-73.96195441655283,40.73824088226491],[-73.9621678571625,40.738276257762564],[-73.96212762500993,40.73844615734789],[-73.96249684562623,40.738645177234055],[-73.96146496178866,40.740300801408054],[-73.96165251735401,40.741132757098555],[-73.96136173044941,40.741846863658196],[-73.96064602180351,40.74339270626311],[-73.95980494771408,40.74370675289001],[-73.95993311497539,40.743994588411034],[-73.96001147139265,40.74442254304437],[-73.95903404086987,40.74443521632419],[-73.95943696655617,40.7446006621131],[-73.95946204747972,40.74466089177201],[-73.959397318998,40.744709130435695],[-73.95905544841919,40.74510830469194],[-73.95919801002667,40.74529728278575],[-73.9592743319041,40.74560701273547],[-73.95836969226353,40.74579166941705],[-73.95834783270925,40.74697694429176],[-73.95470561241696,40.74801362045241],[-73.95620136801125,40.74968563332373],[-73.95451584573388,40.75058669897675],[-73.95217262360626,40.753702761148105],[-73.94915021809402,40.757328945897505],[-73.9404625688556,40.76753046980284],[-73.93616913919566,40.76951611465449],[-73.93485790974904,40.7713829129691],[-73.9360533502869,40.77210580162648],[-73.93474353011285,40.778076335376994],[-73.93088304263142,40.77697370667981],[-73.92557304262866,40.77845885182873],[-73.91773807440363,40.78407595141042],[-73.91222952426364,40.78917927996615],[-73.90257290159374,40.7894829707721],[-73.89725536651027,40.78675095694394],[-73.89626785620466,40.7859605719464],[-73.89597673220965,40.78562708775975],[-73.89675564813932,40.78432233937576],[-73.90179093113795,40.78210191951057],[-73.90218781908905,40.7817571387903],[-73.90129127618928,40.781858419270336],[-73.89703508506294,40.782781581431415],[-73.89690021721486,40.78285588849593],[-73.89671207983274,40.78294647182992],[-73.89657383829028,40.78303869064491],[-73.89644030273814,40.78310700353208],[-73.89630945881112,40.78317034200999],[-73.89599959276771,40.78334526536826],[-73.89597933369126,40.78336660054023],[-73.89594784708649,40.78338023816671],[-73.89574204733013,40.78348340360612],[-73.89572178391074,40.78350644715245],[-73.89569142185131,40.783520941445914],[-73.89548336629525,40.783628373429515],[-73.89546085333386,40.78365312431843],[-73.8954271157379,40.78366932222859],[-73.89496938282544,40.78391148238694],[-73.89495023877329,40.7839370892848],[-73.89491986941803,40.783954997869984],[-73.89488277736837,40.78396179790595],[-73.8946994326406,40.78407437711519],[-73.89467130785164,40.78409399711443],[-73.89463533325156,40.784103360057564],[-73.8945971321541,40.784100762656806],[-73.89456344281388,40.78408621107488],[-73.89444984658603,40.784149313911385],[-73.89445429422308,40.784179212552765],[-73.89444413705608,40.78420568231044],[-73.89441937948091,40.7842287208393],[-73.8943834000141,40.78424150037922],[-73.89434406693498,40.78424317258158],[-73.8943081238334,40.78423289025353],[-73.89428006418012,40.784211511564685],[-73.8942654961601,40.78418672639024],[-73.89426554498853,40.78415597832526],[-73.89428244401546,40.784128661728595],[-73.89431169252587,40.78410904168213],[-73.89434879098405,40.784099680540386],[-73.89438811654301,40.78410227905398],[-73.89442180585223,40.784116831189685],[-73.89453091043104,40.78405116129921],[-73.8945253376068,40.78402211517222],[-73.8945354947423,40.78399479236742],[-73.89455912703022,40.78397260632516],[-73.89459286093437,40.783958971134346],[-73.89478516699727,40.783863483005284],[-73.89480431175451,40.78383787512999],[-73.89483467907729,40.783820820617514],[-73.89487177237574,40.78381402059807],[-73.89532054159488,40.783556478877564],[-73.89534641770135,40.783536857179215],[-73.89538014231071,40.78352749146851],[-73.89557584013515,40.783419192585534],[-73.89559497087893,40.78340041893072],[-73.89562195925336,40.783388485080394],[-73.89583000582088,40.783286176096965],[-73.89584577149785,40.78326483689001],[-73.89587051752304,40.78324948427427],[-73.8959019905333,40.78324268001724],[-73.8960214540502,40.78310634211669],[-73.8959760942098,40.7830916430838],[-73.89591331586128,40.78303450661424],[-73.89587401394641,40.783020922499965],[-73.89578212885095,40.782946528769536],[-73.89570414332272,40.782886418330875],[-73.89562231884112,40.78285913234562],[-73.8955866429644,40.78280646277248],[-73.89542536848086,40.782719970301756],[-73.89526612251343,40.781708110175515],[-73.8952382240694,40.781580127380515],[-73.8950911776951,40.78174581823013],[-73.89495974872318,40.781865030378945],[-73.894820056129,40.78196182403238],[-73.89466981457502,40.78208430845603],[-73.89450459124393,40.78221946478265],[-73.89433563703616,40.782342605361016],[-73.89423122236758,40.78244729969678],[-73.89398994178221,40.78242452339438],[-73.89379799495997,40.78237168965071],[-73.89363936708125,40.78225246657689],[-73.89351561254601,40.78214031658607],[-73.89334803141956,40.78203573937579],[-73.89322603217549,40.781971521070815],[-73.89281494422096,40.78291321498261],[-73.89296972508664,40.7817664155581],[-73.89277875364625,40.781633835048616],[-73.89259409298454,40.78150575787187],[-73.89241768315617,40.78138354945619],[-73.8920848045048,40.781373650322074],[-73.8920751476385,40.781133251477705],[-73.8919610642345,40.781068706681914],[-73.89185658817507,40.78090352841138],[-73.8916578623514,40.78080857412374],[-73.89160475186416,40.78068300817114],[-73.89167988928537,40.78050892059126],[-73.89182983492714,40.780357245381005],[-73.89188332435855,40.78030711356396],[-73.89202531858611,40.780197002587535],[-73.89213402963898,40.780082075572466],[-73.89226953828597,40.77999365236485],[-73.8923933526458,40.77988442906889],[-73.89245922259781,40.77981099523147],[-73.89247748773292,40.77951465264362],[-73.89203922460376,40.77953332554414],[-73.89204077552421,40.77696289817069],[-73.8918088345026,40.77521964056436],[-73.89110422665522,40.77702320697472],[-73.89002369095213,40.77724712640633],[-73.89006760152571,40.77396248425596],[-73.88581012437993,40.774036017666205],[-73.88567398900982,40.77432577994889],[-73.88563853362362,40.77413137765435],[-73.88393168284378,40.77418464435248],[-73.88445519420908,40.775464803850475],[-73.88505522658454,40.77840531274414],[-73.88488113731049,40.77998719674127],[-73.88215899724354,40.780367867563115],[-73.88038817410676,40.78061941640287],[-73.87944805023504,40.7807004765119],[-73.87914510421403,40.78254456779565],[-73.87914654749783,40.782568286055174],[-73.86923491765866,40.78596991491636],[-73.86871058864568,40.783733500520164],[-73.86851294940968,40.78377495698294],[-73.86855585028037,40.783625247407244],[-73.86942344795422,40.78359131491773],[-73.86615198692077,40.77759068098753],[-73.85840105714995,40.77372133605418],[-73.85505451774698,40.77192465791636],[-73.85657099964922,40.770282369533916],[-73.85738091328327,40.7705708071564],[-73.85749528182237,40.77040655222488],[-73.85784854459587,40.77043660666341],[-73.85817215042385,40.77034947605986],[-73.85621267610185,40.76919579775779],[-73.85731254450543,40.76876360817355],[-73.85983028214703,40.76703180469933],[-73.86103345678855,40.76725679418055],[-73.8622005978049,40.76683989374966],[-73.86153844239257,40.76534253221642],[-73.8589842326407,40.76217147447128],[-73.85854218676664,40.76202689869092],[-73.85816550201433,40.76245780652361],[-73.85773856319496,40.76295513258299],[-73.85816421582149,40.763329862919335],[-73.85825256803616,40.76340579358979],[-73.85763896602013,40.76309944863463],[-73.85692072861956,40.76384710808833],[-73.85725666284317,40.763465783320626],[-73.85754793889839,40.76311556570125],[-73.85682436749573,40.762701292444206],[-73.85683660817757,40.76267693094506],[-73.8574749996307,40.762989919270765],[-73.85794433387215,40.76267096216958],[-73.857529509768,40.76208756021165],[-73.85661195813333,40.761649542759294],[-73.85729411358092,40.76194598578504],[-73.85819433132534,40.76237410798455],[-73.85530351821603,40.760747153851696],[-73.85396489201148,40.760271422727],[-73.85133438850525,40.75942068096516],[-73.84934906664425,40.76019828265276],[-73.84858834617654,40.76017956308823],[-73.84366832633636,40.76346990739614],[-73.84305145175342,40.764097358153215],[-73.83992813236765,40.76535021190041],[-73.83956050541856,40.76691684117701],[-73.84000758970947,40.76662342046589],[-73.84087122017904,40.76615732742757],[-73.84120075497822,40.76608124266235],[-73.84196444921885,40.765989710849084],[-73.84236463453716,40.76583526605268],[-73.84251137775365,40.76579766885282],[-73.84491332846008,40.76552838817853],[-73.84738263097078,40.76641941262396],[-73.84849386891699,40.76797657316446],[-73.84831243929811,40.76844920881779],[-73.84884133186709,40.76946410514124],[-73.84949207284859,40.769583401508456],[-73.84899274432648,40.770028680072755],[-73.84867152868853,40.7707615729025],[-73.84980501475293,40.7718425892652],[-73.85033808818527,40.77174366853876],[-73.85029717573792,40.771966354022595],[-73.84918580437129,40.773104720587746],[-73.8490622032069,40.77524019861196],[-73.84897771676316,40.77763491828801],[-73.84900491920543,40.77807228336479],[-73.84934534071377,40.778155468008684],[-73.84953505641937,40.77841695203255],[-73.849520337155,40.77850885580928],[-73.8494467073114,40.778637099858095],[-73.84969513318684,40.77871069719225],[-73.8499308085666,40.77879720785134],[-73.84965811870542,40.779170131009934],[-73.84957155453702,40.779192836707075],[-73.84965096095716,40.77948605439123],[-73.85009398131926,40.77937335558588],[-73.85120998157561,40.77907608533749],[-73.85014017315835,40.77939098692571],[-73.8523208624222,40.77916928470376],[-73.84983630294741,40.779777393258385],[-73.84972178132011,40.77984202528523],[-73.84957661227035,40.779869410093795],[-73.8495545630288,40.77997084118433],[-73.85044992795429,40.78003365069638],[-73.85042045570434,40.78005597878782],[-73.84949102749177,40.78010288834465],[-73.84958618687179,40.78033508195299],[-73.84967357421613,40.78058908437096],[-73.84978747936452,40.780599119425396],[-73.84981214796535,40.78077040025503],[-73.84991219996319,40.78108750458773],[-73.84976687720922,40.781618083645604],[-73.8491969699858,40.781633107113095],[-73.84918667463243,40.78167009551429],[-73.84944211373578,40.7817326088131],[-73.84954069379485,40.7818882275846],[-73.84931176686685,40.782077151262925],[-73.84925954248892,40.782271979173956],[-73.8497424654652,40.7823772129673],[-73.85024128462473,40.78242076137928],[-73.85028089657793,40.78245956200959],[-73.85035396591758,40.78240261849049],[-73.85064452756708,40.782357411900264],[-73.85121791474411,40.78238872617335],[-73.8526005387797,40.782332591686625],[-73.85367974095062,40.781985742044256],[-73.85437833322179,40.78197457865839],[-73.85519577265894,40.78195717553487],[-73.85561617015412,40.783146293742796],[-73.85636108330806,40.783333944881726],[-73.85668139047671,40.782939969174365],[-73.85684129014673,40.78337136348517],[-73.85712873299356,40.78336600238614],[-73.85751733577962,40.7834726521097],[-73.85809293159615,40.78373619674263],[-73.85814972842125,40.78410864682298],[-73.85800301900528,40.78426465768567],[-73.85788269478854,40.78429404109152],[-73.8578466600017,40.78450904406455],[-73.85797153240993,40.78465466356756],[-73.85798576369069,40.784687411057],[-73.85851353347378,40.785192524741674],[-73.85912145674322,40.78541295765202],[-73.85939048227355,40.78553545495913],[-73.85912311324674,40.78565821617606],[-73.85904595729158,40.78577773857549],[-73.85901262561154,40.78586400104041],[-73.85898579987948,40.78600494287451],[-73.85861177077354,40.78613005027752],[-73.85857844553293,40.78630227560814],[-73.85869073576791,40.78651464291454],[-73.85842092224316,40.786808309312114],[-73.85814354176152,40.787044322945235],[-73.85792172009289,40.78703739424949],[-73.85746576865718,40.78688587076355],[-73.85716818589594,40.78670633861097],[-73.85698165442469,40.78665231152464],[-73.85670911174456,40.786697168329205],[-73.85654281565945,40.786902114070806],[-73.85645160692646,40.78695402317119],[-73.85626918661907,40.78708693478526],[-73.85617436960054,40.78748705326706],[-73.85607509300004,40.78753875381504],[-73.85592982941743,40.78768039227643],[-73.85528960943242,40.787714304458255],[-73.85473138125599,40.78777797013021],[-73.85440532437042,40.78774783264655],[-73.85336457538455,40.78784148047625],[-73.85284230133873,40.78821137173993],[-73.85359051889237,40.788355918209874],[-73.8544644028455,40.78834142892451],[-73.85479768615798,40.788595871875174],[-73.85477254371325,40.78903637460526],[-73.85461486312093,40.78948447230681],[-73.8545077372497,40.79014387398984],[-73.85415926148379,40.7904127194675],[-73.8531286860248,40.790822120897474],[-73.8526711413717,40.79107816192769],[-73.85279187961747,40.7914518894217],[-73.8534617023302,40.79205180973617],[-73.85377854910708,40.79242127400707],[-73.85363080166009,40.79309818271064],[-73.85353237176383,40.79413885681175],[-73.8526571103406,40.794875089776504],[-73.85200288947314,40.79436318108854],[-73.85049082789975,40.79373727270511],[-73.84898342755154,40.79339361180344],[-73.84896271217514,40.794408477406535],[-73.84840067725112,40.795564621492396],[-73.84660914258153,40.796027234408484],[-73.84567461137928,40.796029093896934],[-73.84506393886173,40.79532545177626],[-73.84390523936057,40.79486930620637],[-73.84330632386921,40.79550093348889],[-73.84320653636661,40.79619290359576],[-73.84168698798493,40.79540867089494],[-73.84134129989079,40.796095358756304],[-73.83841944083802,40.798342147138],[-73.8373622528982,40.79426352424771],[-73.83653932567063,40.791867638392766],[-73.8375091054937,40.791332354621346],[-73.83752274044282,40.79117798314483],[-73.83764565993728,40.79103555307705],[-73.83752623224669,40.79087392450837],[-73.83755477557736,40.7907813754814],[-73.83750614052286,40.79053774781547],[-73.83681410438498,40.79043377227647],[-73.83738726435593,40.790290968390096],[-73.83738906354783,40.78983617317226],[-73.83725892114747,40.78970129152456],[-73.83722467003666,40.78947763058569],[-73.83723934588718,40.78916879711401],[-73.83728024446083,40.78900952077265],[-73.83727858238794,40.78901075191568],[-73.83716755539378,40.78949487638945],[-73.83707698362737,40.78957410969872],[-73.83650023157047,40.78947697522884],[-73.83584206544022,40.78957040254108],[-73.83554685397564,40.78951912231342],[-73.83545814552558,40.789270285800015],[-73.83483050344506,40.78914274099306],[-73.8341040311045,40.78904725278704],[-73.83400506304766,40.78873885059656],[-73.83377597877143,40.78851263800133],[-73.83345664820668,40.78845820113765],[-73.83316390709946,40.788525207068936],[-73.83285624257189,40.78855285698123],[-73.8325106364802,40.78862447662681],[-73.83209671987527,40.78878766700116],[-73.83180112232996,40.789177621515186],[-73.83161005472472,40.78925984711402],[-73.83144450111791,40.78917126577036],[-73.83147868152105,40.78923278468771],[-73.83188360350226,40.789353465981264],[-73.83198967695238,40.78953290184415],[-73.83213625756272,40.789961817489505],[-73.83201384400637,40.790332258100584],[-73.83180901533771,40.79085608870736],[-73.83155495695927,40.791186380962394],[-73.83107610158098,40.7915329687797],[-73.83046245286285,40.79164630532702],[-73.82997422391142,40.791563432860954],[-73.82909089929304,40.79191326813451],[-73.82846554640064,40.79236853399551],[-73.82828845797185,40.79252433542261],[-73.82805258813133,40.792702635336056],[-73.82780227405303,40.79322492179021],[-73.82789752025394,40.79392823822279],[-73.8278941359297,40.79436643500175],[-73.82796950868531,40.79467337648532],[-73.82799146422427,40.79481538175049],[-73.82806940658367,40.794820208012695],[-73.82801595078104,40.79488165913229],[-73.82809360846596,40.79503363565323],[-73.82824392764016,40.795239579794554],[-73.82847351197243,40.79566448048679],[-73.82861011408173,40.79567659858575],[-73.82863787466592,40.79570492331978],[-73.82866925976042,40.79589502186536],[-73.82871204621753,40.795923072394324],[-73.82876235352461,40.79590179638196],[-73.8287834262599,40.79597337253342],[-73.82881432169935,40.7961885654196],[-73.82893972601302,40.79620101729219],[-73.82915588121527,40.79633007299439],[-73.82925200048705,40.79649748335292],[-73.82928856731743,40.796645148198316],[-73.82941556721877,40.796752324874454],[-73.82941825785157,40.796830807898054],[-73.82923964136576,40.79672390556868],[-73.8291480150385,40.79659737534591],[-73.82892358442248,40.79656624546251],[-73.82868016371478,40.79658002204834],[-73.8284544398088,40.796618876184795],[-73.82826251924948,40.79671414227558],[-73.82799281466654,40.796751147000855],[-73.82763697115017,40.7967578642571],[-73.827417688312,40.79678901882893],[-73.827277258962,40.79691813814351],[-73.82723696869766,40.79695551044121],[-73.82709508032542,40.79697475842698],[-73.82697091510656,40.79712827768959],[-73.82701214322087,40.7972863341308],[-73.82716127690612,40.79745200543374],[-73.82717365601191,40.79762220131624],[-73.82691928311857,40.79774952881242],[-73.82673856166689,40.797796245452965],[-73.82641642075751,40.79760489041542],[-73.82623312581948,40.79745283487345],[-73.8260153723077,40.7973877597403],[-73.82576219954444,40.79736818780887],[-73.8255376882982,40.79739914092855],[-73.82545531877896,40.79737801627003],[-73.82522675207025,40.797315607694756],[-73.82499364106663,40.79741749750835],[-73.82476949624716,40.79756614437793],[-73.8246142736988,40.7976850264523],[-73.82444160729725,40.79781769655049],[-73.82427587234216,40.797923882002685],[-73.82412631945537,40.798031002741624],[-73.82401763990731,40.79815448539659],[-73.82400662435118,40.79836690597247],[-73.82385948384704,40.798154135104646],[-73.82366001431286,40.798232021016],[-73.82349858093433,40.79837691645227],[-73.82346073198313,40.7984042257463],[-73.8233475141369,40.79843794700047],[-73.8231935154956,40.79854473571746],[-73.82313766008338,40.79867266392112],[-73.82298307296715,40.79864892334323],[-73.82277930826707,40.798789862983455],[-73.82259935617274,40.79890184247576],[-73.82246038700623,40.79904630395868],[-73.82217795070464,40.799354395774046],[-73.8215087966163,40.800061524552966],[-73.82064133007567,40.80058789142181],[-73.82052810788424,40.80100602386808],[-73.82049919995313,40.801011467818995]]]]}},{"type":"Feature","id":2,"properties":{"BoroCode":3,"BoroName":"Brooklyn","Shape_Leng":726568.94634,"Shape_Area":1959432236.83},"geometry":{"type":"MultiPolygon","coordinates":[[[[-73.8670614947212,40.58208797679338],[-73.87099791647934,40.58606179836533],[-73.86272348498078,40.59007451075336],[-73.86282948605077,40.58441556714241],[-73.8670614947212,40.58208797679338]]],[[[-73.86952707548933,40.59871375035444],[-73.869670707115,40.59668856362208],[-73.8702089983623,40.596954232789344],[-73.86952707548933,40.59871375035444]]],[[[-73.91990064335978,40.59960052259279],[-73.91963878820346,40.59953092271561],[-73.919202648972,40.59960541435083],[-73.91905614206665,40.59959079066006],[-73.91893179296328,40.59953498363029],[-73.91883409341442,40.599479963244214],[-73.91859431220358,40.59944131268619],[-73.91846024971217,40.59926154255626],[-73.91849250402804,40.599211361955],[-73.91833074960151,40.599149544597836],[-73.91807651254084,40.59900817118529],[-73.91773056760846,40.59883036300753],[-73.91754687082106,40.59872159233628],[-73.91722082113664,40.598561363502625],[-73.91694338962026,40.59842600945364],[-73.91659706414234,40.59826947026975],[-73.91633635086234,40.598215647951434],[-73.91623374386587,40.59806513630135],[-73.91620213680824,40.59784717010559],[-73.91607538176645,40.59758528417079],[-73.91589255287633,40.597397639032806],[-73.91582389767613,40.59738706022101],[-73.91585643470813,40.59737168241449],[-73.9158211648145,40.5972989194016],[-73.91568473912824,40.59717467266793],[-73.91560139499299,40.5971153161819],[-73.91548351001545,40.59698422735676],[-73.91532979194247,40.596751145492036],[-73.91518685632116,40.59660051638153],[-73.91497149030396,40.596417425150975],[-73.91480147235681,40.59632750805911],[-73.91470984041723,40.596209338480975],[-73.9145799789992,40.596165114981446],[-73.91443288710981,40.5960609013487],[-73.91437576239605,40.59596445759239],[-73.91435260279732,40.595884007849726],[-73.91410718137446,40.595539842485636],[-73.91385956751682,40.59514786057178],[-73.9137457832079,40.59495719221758],[-73.91359637356419,40.5948477325947],[-73.91352057636499,40.594853549993225],[-73.91342688750657,40.5947621258878],[-73.91332902450162,40.59457167282164],[-73.91321568749619,40.59427870885977],[-73.91308822934401,40.594162774387534],[-73.91307549850792,40.59404452575076],[-73.91310978541487,40.59388849661484],[-73.91309030418768,40.59380870157294],[-73.91311912036757,40.593590896546225],[-73.91309865070245,40.593472254056266],[-73.91319665185196,40.593346916008635],[-73.91319261072321,40.59329114244286],[-73.91317118195182,40.59319616057781],[-73.91320829518516,40.5931007469882],[-73.91321932890638,40.5929502084377],[-73.91316653199785,40.59275158665119],[-73.9132128555716,40.59251975953469],[-73.91326344707664,40.59224954961762],[-73.91319610149003,40.59211163836296],[-73.9130137579354,40.59209937067961],[-73.91292953548819,40.592075276650654],[-73.91347065385513,40.59189239036472],[-73.91376301345389,40.59175374791541],[-73.91441866087003,40.59150790159479],[-73.91485433907948,40.591529505164885],[-73.91520629438759,40.59162022574048],[-73.91532923434022,40.59167792487973],[-73.91550508266162,40.591772386074396],[-73.91573749889474,40.59196268462116],[-73.91596548480418,40.592123539857496],[-73.91605928472138,40.59223534981567],[-73.91603849297512,40.59239123927056],[-73.91617734507636,40.59252627563723],[-73.91625229497758,40.59262478459459],[-73.91634218846352,40.592721110250565],[-73.9163734104961,40.59284203487347],[-73.91643201092795,40.59299310351867],[-73.91645105691407,40.59313763168225],[-73.91657651607474,40.59329271241685],[-73.91671968698408,40.593477425032866],[-73.91688924636479,40.59368481523008],[-73.91706993363323,40.5939128570028],[-73.91735352563859,40.59416033758891],[-73.91771131849683,40.59453668909871],[-73.91794512270775,40.59477489464286],[-73.9181548033581,40.59489130179788],[-73.91840519752523,40.59499761419169],[-73.91853741375891,40.595164242662904],[-73.91864513527123,40.59516697867041],[-73.91875831332678,40.5951981040945],[-73.91880918204889,40.59529024731231],[-73.91884599683692,40.59534882647735],[-73.918946330616,40.59536266518145],[-73.91899803461558,40.59536570225533],[-73.91901221723629,40.595446644307934],[-73.9192066106134,40.59555895121168],[-73.91943207194964,40.5956955535581],[-73.91961723004904,40.59581254142753],[-73.91980857945885,40.595934675963576],[-73.91992055131287,40.5959998261006],[-73.9199861683878,40.59598877785108],[-73.92002356215288,40.596018378661384],[-73.92007023995141,40.59604234788716],[-73.92006387803227,40.59608678612947],[-73.92014755503688,40.59612659229925],[-73.92019954537207,40.59618334528051],[-73.92029115471645,40.59621513605456],[-73.92036929048963,40.59620281668041],[-73.92052100044543,40.59633309814494],[-73.92065224971363,40.59635949177679],[-73.92076806416256,40.59631556375809],[-73.92081828920809,40.59633602572164],[-73.92084999213046,40.59646093811482],[-73.92092657556755,40.59663884727148],[-73.92103198797203,40.59668520306447],[-73.9212191102955,40.596871487661744],[-73.92129606260062,40.59687622685318],[-73.92134956431762,40.59696270706993],[-73.92152149882784,40.597104253143634],[-73.92160777230788,40.597127931641886],[-73.92165833417282,40.59724063624327],[-73.92176534005367,40.59729906577645],[-73.92182903239151,40.597343755496176],[-73.92177440962749,40.59740557565352],[-73.9217763968728,40.59752153706388],[-73.92185342501573,40.59776580689733],[-73.92197229278275,40.597966958436416],[-73.92209251176976,40.59814538056535],[-73.9221637835241,40.59815369073187],[-73.92221318206873,40.59817919649639],[-73.92224651074962,40.59831860755957],[-73.92226636226891,40.59844899290521],[-73.92208945303473,40.598705174226176],[-73.92178152944112,40.59895906919435],[-73.9208613363902,40.59946987642224],[-73.92072869332853,40.599515925062654],[-73.92027043637934,40.599538033178455],[-73.92017364161143,40.59959706191473],[-73.9199014863672,40.59961874818085],[-73.91990064335978,40.59960052259279]]],[[[-73.87019491489951,40.598996405901886],[-73.87108141811483,40.59890114747011],[-73.87049411914776,40.60260444620456],[-73.87026280564919,40.60168122225856],[-73.87019491489951,40.598996405901886]]],[[[-73.85243335807019,40.59733339779523],[-73.86044420534071,40.596471905596324],[-73.86078169166866,40.602608400256294],[-73.8515312289378,40.59843393622043],[-73.85243335807019,40.59733339779523]]],[[[-73.86702905185568,40.603743388853886],[-73.86768194154217,40.60307076667735],[-73.86830808464617,40.603139161146146],[-73.86793505372707,40.60396113545291],[-73.86702607287036,40.6041715840082],[-73.86702905185568,40.603743388853886]]],[[[-73.86702399475162,40.608068178769386],[-73.86874317559175,40.60703517927922],[-73.86868468826752,40.60824115818384],[-73.86777501561139,40.608539488778355],[-73.86702399475162,40.608068178769386]]],[[[-73.83446265620246,40.60719253294236],[-73.83587601623046,40.60563690754552],[-73.83610156628852,40.60736279382325],[-73.8342834262001,40.60918568185299],[-73.83446265620246,40.60719253294236]]],[[[-73.86966442958503,40.6065401234129]]],[[[-73.85523067631901,40.61613145335803],[-73.85802093146337,40.61264381691055],[-73.85523067631901,40.61613145335803]]],[[[-73.84304421296774,40.617737696390435],[-73.8473110547006,40.6134384619268],[-73.84304421296774,40.617737696390435]]],[[[-73.8334223080996,40.62678198346209],[-73.83496190251232,40.61447290875],[-73.83546955939204,40.614657264070374],[-73.83579322194053,40.61518439875587],[-73.83614289101912,40.61512618712986],[-73.83625619045301,40.615191234973516],[-73.83659202032004,40.61517966383295],[-73.83707080859175,40.61530171834584],[-73.83742250503602,40.61541670120895],[-73.83775556201698,40.61564304180015],[-73.83701342650976,40.616041003171304],[-73.83621028429519,40.61634338021524],[-73.83503079738368,40.61762461418816],[-73.83508222781788,40.61796193954231],[-73.83501865754495,40.61813518284089],[-73.83515004883155,40.618737634174586],[-73.8353562961643,40.61882839882667],[-73.83554976450331,40.619427424622046],[-73.83564923064897,40.61978798729918],[-73.83522937910513,40.619958194933176],[-73.8349555051878,40.61981400211941],[-73.83495382319215,40.619776073796984],[-73.8349678131547,40.61974545481968],[-73.83498732003194,40.619723607374596],[-73.8350098863333,40.619702147456245],[-73.8350486620078,40.61966588949364],[-73.83509383843861,40.61963375772761],[-73.83513117502801,40.61959760690165],[-73.8351494257211,40.6195508550963],[-73.83513829404657,40.6195192361077],[-73.83510807841155,40.619498691899636],[-73.83506630662423,40.619507566805325],[-73.83503401904385,40.61953019034734],[-73.83500817335555,40.61955577766938],[-73.83496957971572,40.61958458535821],[-73.83492954791929,40.61960434422991],[-73.83489483466323,40.61960515681879],[-73.83488652214996,40.61961048621021],[-73.83487336078598,40.619631163181005],[-73.83486864373674,40.6196738384647],[-73.83487483468768,40.61970510946058],[-73.83487772981489,40.619728279710685],[-73.83485325984907,40.61976266441891],[-73.83482718297661,40.61977588420208],[-73.8347820215867,40.61981641545879],[-73.83477671269897,40.61987983953896],[-73.83479943094245,40.61992779740506],[-73.83483199380255,40.6199570751744],[-73.8348791189421,40.619982696923316],[-73.83492517983237,40.62000181196981],[-73.83499593255533,40.6200130574137],[-73.83525703590824,40.620180122834086],[-73.83488425945183,40.62103516910708],[-73.83485302732622,40.62147239774434],[-73.83475263759547,40.62182023816356],[-73.83482124702651,40.62224797713946],[-73.83500259350863,40.6226524087678],[-73.8334223080996,40.62678198346209]]],[[[-73.87084603194216,40.616967426457514]]],[[[-73.8334223080996,40.62678198346209],[-73.83464377224982,40.62742707942427],[-73.83304100907766,40.628261271060516],[-73.8334223080996,40.62678198346209]]],[[[-73.84734350666992,40.62909473971626],[-73.86343910789505,40.61894217513062],[-73.85650550977599,40.62909735372663],[-73.84734350666992,40.62909473971626]]],[[[-73.83623731597834,40.63111086123173],[-73.84110205447432,40.62455643651516],[-73.84445711462233,40.629847794439975],[-73.84242374576523,40.63153254924429],[-73.83765174362408,40.632839732956015],[-73.83623731597834,40.63111086123173]]],[[[-73.84721834832132,40.63196568670605]]],[[[-73.95439555417089,40.739114772522505],[-73.95336744598873,40.73901051422039],[-73.95210541738061,40.73877098437249],[-73.95191056675485,40.7386926936429],[-73.95187820863437,40.7386971463803],[-73.9518799358311,40.73871390543759],[-73.95050973889542,40.738322685026716],[-73.94858408326107,40.73758455026458],[-73.9470361798768,40.73709179315311],[-73.94661589520467,40.73692455496031],[-73.94706532915389,40.73440199281923],[-73.94617195881511,40.73620288877423],[-73.9450780667231,40.73639349768483],[-73.94496124483585,40.7356342491508],[-73.94461272994508,40.7361473987428],[-73.94452191718345,40.73623225409135],[-73.94451570799212,40.736239878747305],[-73.94454415356,40.736256533354975],[-73.94452008735739,40.73628365418162],[-73.94310507092834,40.73573579771017],[-73.94178616641568,40.734894936923226],[-73.94092914681448,40.73351139187719],[-73.93974607754154,40.73106547547207],[-73.93561453981154,40.72874598563435],[-73.93349948194378,40.72830413920146],[-73.93200420453816,40.728145082893455],[-73.92983531275401,40.72760788932661],[-73.92926898893545,40.72736521532114],[-73.92787172405026,40.72585405119765],[-73.9246762236926,40.71988569548078],[-73.92477183253622,40.71856461085529],[-73.92842419720878,40.71758530268074],[-73.92849153787752,40.71763049638027],[-73.92877608561969,40.71772727079344],[-73.92896850706049,40.71764754015081],[-73.92914397868002,40.71745661399172],[-73.92968295619131,40.71709844304385],[-73.92949846168203,40.71657965377856],[-73.92933177634775,40.71597656097953],[-73.92952747418943,40.71568984129771],[-73.93170534538312,40.71520316761241],[-73.93220607307302,40.71496398092932],[-73.9321566533723,40.71469483448539],[-73.93155604271148,40.713399472754695],[-73.93263905242466,40.71305258616933],[-73.9315109259059,40.71046980839416],[-73.93076857210801,40.7090811325744],[-73.93057213306345,40.70879486826066],[-73.9303856313317,40.70877453878897],[-73.9303767140621,40.70922233953024],[-73.93073947816474,40.70999853812917],[-73.93115836965886,40.71100104854476],[-73.9307768754867,40.71214978254479],[-73.93086409444763,40.71221819268689],[-73.93180970336479,40.71269477484578],[-73.9304915043933,40.71309041971445],[-73.93085190134032,40.714902985592786],[-73.92888441854599,40.71668042166828],[-73.928489109203,40.716971041911755],[-73.92595163943956,40.717691070569884],[-73.9248221434472,40.717925092512104],[-73.92458693486759,40.71795070264628],[-73.92440877531881,40.71785889481148],[-73.9242057123545,40.71773697627475],[-73.92401456906458,40.717594777065145],[-73.92383238966106,40.717448477883465],[-73.9236398926207,40.71732065749338],[-73.9235105240247,40.71717381467612],[-73.92339299433868,40.71701539074552],[-73.92310361124994,40.71645153249392],[-73.92359001003099,40.716028149197484],[-73.92472981629028,40.71493796647527],[-73.9243902805051,40.714349179132356],[-73.92154601695685,40.71104328353482],[-73.91810299645118,40.707159969458125],[-73.91329162431977,40.70431263854714],[-73.90756985226552,40.697571750473664],[-73.90579597075312,40.69412715501153],[-73.9011615499437,40.687877935355],[-73.8955485943863,40.683791892315554],[-73.88808341842547,40.68529363217107],[-73.86842489778819,40.69471811951515],[-73.86650407824389,40.684474052263994],[-73.86296470699583,40.67911281695297],[-73.85855480428889,40.67153293363793],[-73.85611710208867,40.663808402637144],[-73.86174759025214,40.658938356510895],[-73.86300267139964,40.65733403625388],[-73.86310103886119,40.657221243347884],[-73.86313042417942,40.657180812425835],[-73.86315810974212,40.657087784103624],[-73.86324074207884,40.657002726912815],[-73.86303117341399,40.656508181683186],[-73.86302980520973,40.65643733600719],[-73.86306966718665,40.65633168247085],[-73.86320198961542,40.65635955374962],[-73.86173355547594,40.655295221774004],[-73.85898002979157,40.65267545783549],[-73.85759335427859,40.649397285892846],[-73.85822357642373,40.64606860173775],[-73.85734356130949,40.64466848140131],[-73.85842116595128,40.643316513199494],[-73.86156101965906,40.642960918341856],[-73.8653538996912,40.63895129367573],[-73.86991239339436,40.64327820299355],[-73.87623339658155,40.65055427482426],[-73.87395425313312,40.64644443461837],[-73.87318593330956,40.6454450133616],[-73.87331993047309,40.64400882500427],[-73.87007958407018,40.63921169401698],[-73.86969549818954,40.63714738961505],[-73.87123896014558,40.637322621827],[-73.87347939154503,40.6362855457988],[-73.87562872291906,40.63743934514843],[-73.87740793927175,40.63875905789789],[-73.87851742532122,40.639003430741845],[-73.87865676042712,40.639410387812596],[-73.8788739407747,40.63956120544018],[-73.87943835451544,40.64016594937153],[-73.87988251824568,40.640453177032036],[-73.88005805709223,40.64063241045606],[-73.880165748288,40.64079320442055],[-73.88022196606978,40.64092059694141],[-73.88047923238264,40.64106259061496],[-73.88072836247468,40.64157876188983],[-73.88035864367174,40.64140156734047],[-73.88002504480966,40.641729009526145],[-73.88016682754623,40.64206504911019],[-73.88039559128325,40.642058454950856],[-73.88066592641555,40.642107967417495],[-73.88098961395185,40.64221709087573],[-73.88134669678372,40.64233510746225],[-73.88159007500371,40.64254058229967],[-73.88168745106226,40.64280362661372],[-73.88193782457257,40.643097852286715],[-73.88224776614913,40.643478271529496],[-73.88302004751287,40.644179192376996],[-73.88557762148909,40.64404095029236],[-73.8872789606891,40.645759510520634],[-73.88753363787424,40.64617993666959],[-73.88757232935414,40.64746773755566],[-73.88802108784836,40.64790391398519],[-73.88871203763168,40.64811887781675],[-73.88880096709329,40.64832516585829],[-73.88922136766995,40.64871825649785],[-73.88943829765373,40.64883061563146],[-73.88963010047028,40.648964726590094],[-73.88981491121139,40.64911515449499],[-73.88994247097706,40.649251837912054],[-73.89017347964779,40.649363506339405],[-73.8903166586725,40.64935796510483],[-73.89061166783532,40.649218509633464],[-73.89077742674988,40.64933706351066],[-73.8908912881291,40.64937950986535],[-73.89103960167665,40.64932322104731],[-73.89113748520067,40.64920479661508],[-73.89120520716247,40.6491192848469],[-73.89117192863365,40.64897993423127],[-73.8909983412268,40.648694532294414],[-73.890727017915,40.648416945945236],[-73.89045277522087,40.64818828602202],[-73.89019194002864,40.64787933064155],[-73.88996148916968,40.64768299272131],[-73.88981510829575,40.647510266456365],[-73.88951810770408,40.647230233494355],[-73.88941012796792,40.64679757227775],[-73.88931122378489,40.64701458477821],[-73.88884580264067,40.64720755383578],[-73.88861004869388,40.647081360931914],[-73.88851637568524,40.647360691521946],[-73.88830810804139,40.647173431208074],[-73.88818580754699,40.64708105679786],[-73.8882269621624,40.646745419383244],[-73.88853640000426,40.646788426899604],[-73.88844980971977,40.646932696175305],[-73.88861562143933,40.64694619935449],[-73.88843010109089,40.64664738850533],[-73.88806001229577,40.64655366543398],[-73.8881640304343,40.64615598790063],[-73.88823030919372,40.646031085985726],[-73.88812836780352,40.646022704760895],[-73.88783954471288,40.64587323934102],[-73.8876748035825,40.64566693024828],[-73.88746776206906,40.645419022918404],[-73.88749373237721,40.64531313364108],[-73.88772497502679,40.64517156888817],[-73.88796502879285,40.645126532112954],[-73.8880838387567,40.645159993670454],[-73.88784519285483,40.64503501997497],[-73.88731487147737,40.64520457345948],[-73.887173579731,40.64497969730891],[-73.8869845793164,40.644677139389906],[-73.88677895080589,40.64445736356085],[-73.88667745680375,40.64441564817367],[-73.88654221594705,40.644232079663205],[-73.88628516767379,40.643993362519076],[-73.88602529679086,40.64366145040647],[-73.88572752318962,40.643582894457126],[-73.88543581637983,40.64345586806234],[-73.8849382948484,40.64324695581229],[-73.88463356426685,40.64308692194502],[-73.87953888017083,40.63821783932069],[-73.87843722459166,40.63794869027454],[-73.87872776183089,40.63425138864696],[-73.88162197738076,40.632297105613944],[-73.88375501660252,40.63055643801258],[-73.88655722813812,40.628628934269564],[-73.88828461263452,40.62789246022349],[-73.89068327396865,40.62554081743287],[-73.89139211472019,40.62460903974807],[-73.89300558864318,40.623356469095974],[-73.89526775982368,40.62271282013044],[-73.8960715439644,40.62277445796947],[-73.90448697973086,40.6264752921064],[-73.90579604091177,40.62709176652202],[-73.91236461548843,40.630181642375426],[-73.91709961988298,40.63178625491538],[-73.91731998946489,40.63100715271804],[-73.90546206137263,40.62577481968341],[-73.90502366754417,40.62558211318536],[-73.90444812311615,40.625291324111274],[-73.90386956154686,40.62499900561047],[-73.90342223545689,40.624772988490534],[-73.90303756836526,40.62457540689396],[-73.902630595172,40.62434936475097],[-73.90241543050307,40.62446290725001],[-73.90271236759584,40.6239359210621],[-73.90275168375598,40.62388298807526],[-73.90294792348475,40.6236481107828],[-73.90280660982137,40.623468048841694],[-73.90256902433309,40.62343866287162],[-73.90238403779526,40.62348867916139],[-73.9023108358855,40.623431964424164],[-73.90220072695973,40.62315146119464],[-73.90191388289426,40.62289996341577],[-73.90166679663787,40.6228733496226],[-73.9014080285763,40.62278784558905],[-73.90110907512778,40.62263623604512],[-73.90096582940363,40.6225191197941],[-73.90094052266505,40.622412792718876],[-73.90091735587299,40.622292000190996],[-73.90082588597284,40.6221731810469],[-73.90088676185599,40.62208716726569],[-73.90088993214236,40.62194052996836],[-73.9007809813268,40.621805107840316],[-73.90071552039366,40.621634479454364],[-73.90057956053427,40.62160054122431],[-73.90055182433153,40.62164006024795],[-73.90020698810372,40.621655290012804],[-73.8998564055602,40.62176875887212],[-73.89954039322576,40.62179051890059],[-73.89935213792373,40.621754759712886],[-73.89890570423803,40.62181056220802],[-73.89873420070208,40.62182440528623],[-73.89860288776416,40.62179079046729],[-73.89846436802036,40.6218075157497],[-73.89796188892213,40.62183006888399],[-73.89739897897792,40.621682061709464],[-73.8964592116951,40.6214159073261],[-73.89627904966721,40.62073050834108],[-73.89607842200756,40.62060628891853],[-73.89590647248619,40.62040963350077],[-73.89576993938,40.62007140662517],[-73.89570911106672,40.61990202461989],[-73.89571674120867,40.619516004195816],[-73.89572065812953,40.61931308515289],[-73.89592275902989,40.61892847562392],[-73.89606087614199,40.618503870667766],[-73.89633851449187,40.618160939661294],[-73.89642471559749,40.61797187416248],[-73.89647607844692,40.61771816415724],[-73.89664335225234,40.61734771314743],[-73.89645340049675,40.61673251555538],[-73.89650208809933,40.61636862649263],[-73.89641048978362,40.616089975287885],[-73.89617052459141,40.61600118370365],[-73.89615177996471,40.615756358504655],[-73.89610524671184,40.61554548875957],[-73.89592667317851,40.61521710575263],[-73.89575106482049,40.6148586124762],[-73.89597637791367,40.61487075705688],[-73.89586641672605,40.61456886722165],[-73.89557757652034,40.61438978120849],[-73.89545646109387,40.61442667157812],[-73.89452749457327,40.61396003112318],[-73.89382074025083,40.61385131669359],[-73.89326360875242,40.61387742693661],[-73.892555394561,40.61380477002294],[-73.89157666468336,40.613391665582824],[-73.89117349916278,40.6130500235712],[-73.89104723360163,40.61260085590573],[-73.89130942516731,40.61223417980853],[-73.89168017762499,40.61206158015834],[-73.89200214578037,40.61198703197176],[-73.8921774998948,40.61206265168464],[-73.89279796128264,40.6117274335901],[-73.89335882918601,40.61167481660158],[-73.89400217954805,40.611503998621444],[-73.89394013317663,40.611181426651214],[-73.89357472169955,40.61115004643154],[-73.89347916625468,40.611017190957476],[-73.89304180314114,40.611206066529135],[-73.89262435670528,40.61139408018493],[-73.89194175364258,40.611537185466545],[-73.8917556845005,40.61165152338127],[-73.89137304754415,40.611914033108356],[-73.8909882098883,40.612066716965415],[-73.89107794632622,40.61227686186851],[-73.89036856635644,40.61202671290265],[-73.88979163130149,40.61168591567453],[-73.88975069109817,40.61113409057777],[-73.89006874744157,40.610612664229016],[-73.89086026035163,40.609918161541174],[-73.8919042180364,40.609138746902666],[-73.8918956845558,40.609248723413735],[-73.89191491605403,40.60938219351295],[-73.89179300947656,40.60946724926998],[-73.89200226922817,40.60939498404644],[-73.89223996351473,40.60915536677033],[-73.89235117112676,40.608690941557896],[-73.89242165582384,40.60857783895],[-73.89220227177594,40.6085643491832],[-73.89226491754674,40.60828825442096],[-73.89251225672596,40.607982138713176],[-73.89262744796893,40.60748011247971],[-73.89285972311292,40.607131877333025],[-73.89324008782302,40.606828519860194],[-73.89355865577502,40.60667908665284],[-73.89382398895225,40.606578213151906],[-73.89426670628802,40.606443714576244],[-73.8947631475013,40.60642888216106],[-73.89516502304123,40.60622544702877],[-73.89575210848118,40.60590989070359],[-73.89622585106437,40.605805551044696],[-73.89669873597373,40.60565037394949],[-73.8972293150105,40.60556216569957],[-73.89777027644392,40.6054901576047],[-73.89823457150504,40.60538967185723],[-73.8989195530732,40.60544424567244],[-73.89930511062282,40.60548226359837],[-73.8997836326197,40.6055235232739],[-73.89990948636962,40.60560496131161],[-73.90011244187696,40.60583775294129],[-73.90083447110558,40.606843279271445],[-73.90053369436043,40.6077891322191],[-73.90047105749798,40.60865400632219],[-73.90042781786609,40.60926421404146],[-73.90016673111674,40.61004322816156],[-73.90045278253666,40.6102974670898],[-73.9009318497062,40.61078773816923],[-73.90122318207354,40.611035228621255],[-73.90137555983172,40.61137705089157],[-73.90158692049887,40.61185709103182],[-73.90230593068875,40.61195208254237],[-73.90125039672992,40.610528881004164],[-73.90255730736898,40.611827233143984],[-73.90257168768616,40.611920966943366],[-73.90281973905203,40.61206566519536],[-73.9025811404981,40.61193640119693],[-73.9057502631135,40.61487529925099],[-73.9059283188068,40.61499075664412],[-73.90673848666407,40.6162959199901],[-73.90735919243343,40.616443881555014],[-73.90768940958888,40.616947089045006],[-73.90852252572823,40.617320908164544],[-73.90913839448152,40.61663255211542],[-73.90917675105399,40.616521946980214],[-73.90900782730674,40.61577278690725],[-73.90521241748831,40.61298965918141],[-73.90428600143834,40.612035358829814],[-73.90339509282558,40.611479543900096],[-73.90274504537494,40.61093146873143],[-73.90210336163588,40.60903791648647],[-73.90191623151597,40.60805967499218],[-73.90167739606477,40.60609454913326],[-73.90189710069488,40.60572961179576],[-73.90575205936486,40.606116504275796],[-73.90811001167575,40.606273265343056],[-73.9087459909934,40.60660861635522],[-73.90859415171701,40.60600127131516],[-73.90844212792877,40.60569268997905],[-73.90838206875917,40.605553618736536],[-73.90825589550576,40.60535701746724],[-73.90838993959268,40.605457249686076],[-73.9085132769904,40.605679690252494],[-73.90872998669622,40.60614536150113],[-73.9088214604756,40.606434852056864],[-73.90913322764865,40.60648368458372],[-73.90915233587802,40.60529384716791],[-73.90889944956534,40.603913672523575],[-73.91384142172902,40.60415768468773],[-73.91669736890361,40.606835969556215],[-73.91678394432759,40.60877388439221],[-73.91708838503317,40.60882085489853],[-73.9162767815813,40.610109589456954],[-73.91481827328003,40.61134207784816],[-73.91493418790436,40.613958155054945],[-73.91428072663335,40.61493881616294],[-73.91477780531797,40.614677221008805],[-73.91576807356569,40.61354033333576],[-73.91633753617181,40.61348352081661],[-73.91573181927137,40.611830844513776],[-73.91682920812453,40.61111807772291],[-73.91767870757278,40.60966286494887],[-73.91809925398384,40.60809335825844],[-73.91900737147328,40.60826725497108],[-73.91850300413923,40.607071236027],[-73.91868471829684,40.606966356992835],[-73.91399608925042,40.602786213498135],[-73.9137866275074,40.602868144682766],[-73.91348903819973,40.60289869030675],[-73.91335175598675,40.60248678208411],[-73.91328222596232,40.60249602416068],[-73.91311658733721,40.602220255928806],[-73.91305994409447,40.60220621016667],[-73.9115842768934,40.60213548840338],[-73.9122521842669,40.602324447174134],[-73.9120879377322,40.60251620941023],[-73.91243560024537,40.60256536017189],[-73.91245933636154,40.60258967031997],[-73.91199845033869,40.60252649975537],[-73.91166041994477,40.60248016788982],[-73.91130574252351,40.60244619521882],[-73.9109595759846,40.60243305225949],[-73.91105149314883,40.60240834888499],[-73.91093999639918,40.602128474222454],[-73.91073679023002,40.60241849672462],[-73.91046885872734,40.60246463911456],[-73.91013268083917,40.602497185816354],[-73.90979379588117,40.6025299946089],[-73.90946895123083,40.60256144273925],[-73.90915072464524,40.602592249023196],[-73.90957311023962,40.60252809362136],[-73.9098548705371,40.60250121611816],[-73.9101328350718,40.602474700002375],[-73.91071565416233,40.602148118187976],[-73.91045997763982,40.602156110279054],[-73.91019674793942,40.60216849973944],[-73.90993251206355,40.602180934884146],[-73.90965206539153,40.602194133009],[-73.91028052296838,40.6021356791902],[-73.91000868350596,40.602010840683405],[-73.9093246169503,40.60187137556543],[-73.90868507886451,40.601723947266926],[-73.90798331091145,40.60213860094356],[-73.90734337430459,40.60227862100554],[-73.90651073121994,40.60237802310942],[-73.90567510895286,40.602607304464684],[-73.90484544064705,40.6025746804259],[-73.9033592621269,40.60254576015762],[-73.90275079458041,40.60274725745622],[-73.90186285142323,40.60311037507596],[-73.90050901645671,40.603276163962065],[-73.89876962314615,40.603660078461495],[-73.89793178098233,40.60332534051489],[-73.89748056561503,40.6033566232011],[-73.89732290509433,40.60340717059256],[-73.89680361187891,40.60329005708445],[-73.89636752585092,40.603291588763],[-73.89600302238493,40.603254884899656],[-73.8954034862356,40.60313081668847],[-73.89510803457951,40.60321714527519],[-73.89478274837147,40.60327076067772],[-73.8942090487961,40.6032322027187],[-73.89374064328403,40.60322652526295],[-73.89338190366958,40.603434702722815],[-73.89268436914163,40.60338033008217],[-73.89215789933391,40.6034032608826],[-73.89171433958734,40.60350834014501],[-73.89128919675653,40.603604409649144],[-73.89111205598971,40.603763304739],[-73.89071833666601,40.60401043064685],[-73.89017331472824,40.604182517126034],[-73.88970753820455,40.604320744893386],[-73.88925094029376,40.60445848674715],[-73.88896957425958,40.60455100701692],[-73.88885369531349,40.60477292229174],[-73.88834454377715,40.60498974982815],[-73.88805490559626,40.60512968113545],[-73.88715770379021,40.60532149079951],[-73.88635267579507,40.605210830443724],[-73.88512439308188,40.60516182565111],[-73.88457115377985,40.60527061692663],[-73.88269358924964,40.60422497014916],[-73.88274084972659,40.60188575789385],[-73.88252157190463,40.60124752565085],[-73.88217903583136,40.60035420270621],[-73.88185993618359,40.599808711826874],[-73.88162009774693,40.599416811622945],[-73.88148901661394,40.598978965158615],[-73.88137543949499,40.597568519014914],[-73.88068417338702,40.59622173209095],[-73.88068791594155,40.59466441319831],[-73.87923439766341,40.590266409958495],[-73.878916774502,40.58843428870588],[-73.87795098768329,40.58656546347429],[-73.8825006623342,40.5791714086437],[-73.88403827055903,40.578692358165576],[-73.88528096576367,40.57850752790356],[-73.88565798789253,40.57838167379118],[-73.88629937924034,40.57822821268446],[-73.88724859434285,40.57808935630708],[-73.88838274994289,40.57814122443471],[-73.88938036037106,40.57784616178201],[-73.89118413759041,40.5778721123008],[-73.89242031316958,40.5773818686676],[-73.89443269880125,40.576874546111824],[-73.89570359297623,40.577401312736626],[-73.89682688163253,40.5792917680816],[-73.89706859660005,40.58058875301626],[-73.89645405512412,40.58238879606402],[-73.89698256415988,40.58382415199716],[-73.89795609974416,40.58494815339031],[-73.8979608565075,40.58556684501419],[-73.89827579278035,40.5865571291395],[-73.89864072346853,40.5872577698476],[-73.89935016768452,40.58729941625628],[-73.89922478113837,40.58746364369787],[-73.89939513683487,40.58785811170405],[-73.89994383459398,40.58781409719967],[-73.90055860047873,40.587727723315346],[-73.90003115669602,40.58786974774749],[-73.90044462743529,40.588091174227195],[-73.90113980175653,40.58795569262863],[-73.90164797681824,40.58762488432973],[-73.90197325511637,40.587456590820494],[-73.9022121138639,40.58735153442874],[-73.9028179371104,40.58737358198633],[-73.90330193885431,40.58726307176451],[-73.90355615784549,40.58708956359198],[-73.90419725298474,40.586973707146136],[-73.90428472919149,40.586915931025686],[-73.90589918533058,40.58751357789057],[-73.90585651561577,40.587800045385535],[-73.9067932505374,40.58792889657516],[-73.90696003272562,40.58739332182672],[-73.9065200238689,40.58736123856925],[-73.90641708967887,40.58705202482786],[-73.90830027751734,40.586745157506726],[-73.91037404988963,40.58609477476436],[-73.9114817199007,40.58607871871231],[-73.91191493562084,40.58690966523876],[-73.911826736384,40.586988204911925],[-73.91158315677309,40.587236319132636],[-73.91174031291425,40.58770026376114],[-73.91188405404367,40.58862488698599],[-73.9118562138093,40.588886368978756],[-73.911688554926,40.58925447622735],[-73.9117009134839,40.58952342032446],[-73.9116749306451,40.58972724793799],[-73.91168873082212,40.589885538633936],[-73.91169362007801,40.59002074363026],[-73.91158392479429,40.590231721335016],[-73.9115703829972,40.59058590118816],[-73.91154559397181,40.590761353378795],[-73.91150304364875,40.591265372087754],[-73.91164618788599,40.59159554506947],[-73.91172153092985,40.591880723029156],[-73.91172195119462,40.59205903824351],[-73.91179324384267,40.59232531287298],[-73.91186664535701,40.59235025467269],[-73.9118610802322,40.5924151896367],[-73.91190838846335,40.592518716997844],[-73.9119001029574,40.59271401802696],[-73.91191233423673,40.59293947046081],[-73.91198948257444,40.59303331886242],[-73.91202384383807,40.593142487854664],[-73.91198574769,40.59324601995393],[-73.91203694234191,40.593390827111165],[-73.91201267282264,40.59349589096643],[-73.91202706693058,40.59369482982574],[-73.91205513595635,40.59395180795166],[-73.91201404829775,40.594134739958214],[-73.91200260886555,40.59422537544804],[-73.9119989034138,40.594353356127314],[-73.91207017020875,40.59456235307074],[-73.91217622268434,40.594668485584045],[-73.91225105686682,40.594891861326744],[-73.91232680813941,40.59503596620071],[-73.91241665059886,40.595182591687],[-73.91239577281962,40.59524158729822],[-73.91247895249326,40.595371823958104],[-73.9125628497021,40.595528180593945],[-73.91277985941193,40.59572641522049],[-73.91290021343964,40.595836009678685],[-73.91296504296282,40.59588346757515],[-73.91304397224789,40.59599466424475],[-73.91311386562558,40.59607579575579],[-73.91318604095555,40.596168217740576],[-73.91320776245202,40.596246042117265],[-73.91328697424073,40.5963693203702],[-73.913301978881,40.59648771541716],[-73.9134184062952,40.59661210371863],[-73.9134279017939,40.59671709443143],[-73.91351601298133,40.59684056920223],[-73.91361265469607,40.59693867901427],[-73.91365975450118,40.59704990073744],[-73.91366216133999,40.597110058619364],[-73.91387587476707,40.5971544607809],[-73.91392798726095,40.59718846671731],[-73.91413216544227,40.59730721577167],[-73.914246559096,40.597453518215026],[-73.9142296265435,40.59752441200195],[-73.91433657378242,40.59754572660851],[-73.9143946164819,40.59761801902976],[-73.91435674220047,40.59767231032851],[-73.91440668436626,40.59776269103757],[-73.91441564958083,40.597823025668596],[-73.9144677412069,40.597909287903555],[-73.91453433232284,40.5979838955015],[-73.91457264264068,40.5980430189237],[-73.91470260090527,40.59817205300102],[-73.91479694380543,40.59819404619858],[-73.91486144150521,40.598228802038506],[-73.91486683411428,40.59830864025192],[-73.91495881920066,40.598442097820666],[-73.91505904404204,40.598602470955754],[-73.91512510892775,40.598761702194544],[-73.91518251481,40.59880391017785],[-73.91527664872284,40.59887278186061],[-73.91534470118384,40.59892998092272],[-73.9156039447752,40.59916184793774],[-73.91603690126865,40.59938432909904],[-73.91635614296354,40.599490950322966],[-73.91656158487503,40.599545666780635],[-73.91673777424798,40.59963897884079],[-73.91685865887295,40.59978520058672],[-73.91707040741544,40.599837285125034],[-73.91719133448252,40.59992056716323],[-73.91733388215836,40.59993609504049],[-73.91770929031341,40.600111811942085],[-73.91784529537067,40.60041007672314],[-73.91803500633205,40.60043422916977],[-73.91814855814968,40.60051426609187],[-73.9185091212503,40.60073204759902],[-73.91875723059748,40.60079546352168],[-73.91898232576945,40.60086055707644],[-73.91917814168298,40.60093171057714],[-73.91923257897211,40.601000698167034],[-73.91935921049405,40.600927884753446],[-73.91942851763352,40.60090913256794],[-73.91969353230718,40.600991468342706],[-73.91975582709362,40.60105447853934],[-73.91995763043887,40.601086815696604],[-73.92016573798146,40.601087838804794],[-73.92012777059988,40.60124703819448],[-73.92037954507639,40.60126151386076],[-73.92057798251896,40.60136924611489],[-73.92073937085524,40.60147226115962],[-73.92095589791774,40.60154056300022],[-73.92112457081602,40.60166556669537],[-73.9212899603696,40.601675342330495],[-73.92141105247322,40.60174876628953],[-73.9215168998195,40.60192365414113],[-73.92164091966234,40.60183508232863],[-73.92176479249824,40.60181016165118],[-73.92196497893548,40.60171897776648],[-73.92204131784418,40.60175504131143],[-73.92218456872675,40.6017561546261],[-73.92234770783647,40.601718963091514],[-73.922391065459,40.60159706900088],[-73.92255532265291,40.60158845019489],[-73.92269254017489,40.60157555973784],[-73.92297908904169,40.60132081527757],[-73.92309867078843,40.601174625628886],[-73.92317293760233,40.60110111524618],[-73.92326212649827,40.60101767694859],[-73.92337276154248,40.600882349995445],[-73.92331767132761,40.600815203403556],[-73.9234205966139,40.600684345124485],[-73.92351009864072,40.600577000257196],[-73.92362495167735,40.60050077178619],[-73.92364332452897,40.600336864050284],[-73.9237557525307,40.60017628623607],[-73.92389971842577,40.59992874652927],[-73.92396069286782,40.59979467490476],[-73.92409477905102,40.59968123872034],[-73.92431291117893,40.599667026674254],[-73.9243714117234,40.59974444273825],[-73.92457841785499,40.599729399459854],[-73.92470272386312,40.5997942033664],[-73.92491642219123,40.599846438900094],[-73.92524212099849,40.60005336249182],[-73.92579971739796,40.60040681089564],[-73.92586498616974,40.60047612181405],[-73.92624998580112,40.600608682567476],[-73.92638994148008,40.60072152312235],[-73.92683610747937,40.60106310718609],[-73.92717864611896,40.60123172909079],[-73.92740779136791,40.601465291112625],[-73.92770115744224,40.601690121262536],[-73.92812176618892,40.601943368703914],[-73.92817597007445,40.60200902141834],[-73.92817481375148,40.602041478967756],[-73.92824423625848,40.602100459761424],[-73.92837072279706,40.60223464190169],[-73.92868351783147,40.6022407024609],[-73.92878116379337,40.60221022278216],[-73.92881337630818,40.60224175028256],[-73.92891552365384,40.60248400621577],[-73.9290752740358,40.60255966206694],[-73.92943377206493,40.60266836038135],[-73.92963408761986,40.60290764127439],[-73.92956844608074,40.6032457425525],[-73.92932709555384,40.60344651359382],[-73.9290161239676,40.603721240271284],[-73.92916685323529,40.60384180296091],[-73.92935726345165,40.604001529677646],[-73.9296981556522,40.60383219302954],[-73.93008075602494,40.60386528106565],[-73.93026947522578,40.603887272343684],[-73.93066836360123,40.60373498526433],[-73.93098128579338,40.6039356805074],[-73.93123443596778,40.603778994501],[-73.93166059968233,40.603330995863296],[-73.93203695430991,40.602950296648594],[-73.93187888608789,40.60264421360293],[-73.93150390891181,40.60213941404547],[-73.93096575788037,40.601643985424715],[-73.9306399697666,40.60150336816611],[-73.9303240448997,40.601254604826465],[-73.93015219266589,40.60126311368642],[-73.92967960538137,40.60121728821654],[-73.929566367047,40.60111943159279],[-73.92939430707467,40.60077861154391],[-73.92936653782073,40.600647008853734],[-73.92901401862483,40.600485947052114],[-73.92863160820626,40.60042905753617],[-73.92862453839173,40.6006083252874],[-73.92838858614407,40.60051682115461],[-73.92833177428662,40.60033694768261],[-73.92786714717585,40.60031870490311],[-73.92772746965267,40.60014575031143],[-73.92750208497387,40.600106658652564],[-73.92721130654232,40.59991256852068],[-73.92717227591557,40.599831779140374],[-73.92692599660755,40.59957149770607],[-73.92663891620734,40.59941477953946],[-73.92638616901637,40.599243863943336],[-73.92626891935097,40.59911338286958],[-73.92602433232159,40.59895317045701],[-73.92589560021958,40.598829232333394],[-73.92560112639359,40.59860952351154],[-73.92523363547853,40.598415064701186],[-73.9248363788443,40.59805638147267],[-73.92473193763286,40.597908894930534],[-73.9241590794246,40.59747766828643],[-73.9238232411105,40.59718190597782],[-73.92356905544648,40.59701603033874],[-73.92344488896389,40.596830592489184],[-73.92297792333676,40.5965064018473],[-73.92271048717755,40.59623389593766],[-73.92254139384099,40.59608633690017],[-73.9223529489382,40.595740737736186],[-73.9222289645187,40.595525815694536],[-73.9221946279212,40.59544914227926],[-73.92207379764587,40.59533950832016],[-73.92190432655674,40.595156719178824],[-73.92188195708181,40.59512452176688],[-73.92183056795848,40.595121022316086],[-73.92176284122215,40.595026556219096],[-73.92168851107714,40.59503875834592],[-73.92161997607354,40.59499746775362],[-73.92144392629552,40.59492742265934],[-73.92105821376006,40.594855499360314],[-73.92090089039228,40.594874813853366],[-73.92074398898487,40.594833323499174],[-73.92043515582509,40.594749242742914],[-73.92031224305809,40.5947122662842],[-73.92021832170117,40.594592611837655],[-73.92006823842104,40.594504749162695],[-73.91994960036459,40.59440715866514],[-73.91978033156236,40.594275000398525],[-73.91958214734349,40.59415185968702],[-73.91936721603248,40.59397916930395],[-73.91913418741474,40.59382435137784],[-73.91886887094677,40.59359871916613],[-73.91871119663992,40.59336518713152],[-73.91838825446048,40.59320736892716],[-73.91820047103658,40.59312025971291],[-73.91800056987351,40.59293955932891],[-73.91777407793406,40.592647538443906],[-73.91751141325041,40.5923412730948],[-73.91735931833462,40.592104560956834],[-73.91726735796773,40.59201197570097],[-73.91699331669325,40.591836604363564],[-73.91697824907455,40.591677121121656],[-73.91682064118433,40.591511248578996],[-73.91661805304847,40.59135899314299],[-73.91656464778507,40.591100742723825],[-73.91641498243881,40.59106305762142],[-73.91624466481967,40.59098484951117],[-73.9160560203672,40.590821548309606],[-73.91578440969232,40.590722055751776],[-73.91565291595074,40.590634349655964],[-73.9154804973858,40.59056017431358],[-73.9153173981806,40.59047190161762],[-73.91507343618837,40.590403144927166],[-73.91490073963386,40.590244749145825],[-73.91485837901662,40.59007061286324],[-73.91454447795101,40.5899310954174],[-73.91457952837374,40.58964834880409],[-73.91458143799927,40.589425396589455],[-73.91461314912452,40.589326653878196],[-73.91443404829508,40.58924807869649],[-73.91422754452434,40.58930646854979],[-73.91431244260241,40.58893987254064],[-73.91481632371305,40.588626403318834],[-73.91634791504138,40.587921774760396],[-73.91647748565161,40.58781273667597],[-73.91683061848157,40.58769161827087],[-73.91775605600579,40.58706829459637],[-73.91817590459839,40.58639509376944],[-73.91877052073923,40.58616732869978],[-73.91940300812703,40.58608201277151],[-73.92018236154175,40.58602503893168],[-73.92020248303378,40.5859839264429],[-73.92071501761453,40.58598209801123],[-73.92077774028738,40.58580382847673],[-73.92101224379714,40.5857535558607],[-73.92178148758451,40.585733486204774],[-73.92230460012122,40.58599256620727],[-73.9231331298331,40.58596276647307],[-73.92404909560504,40.58585467597214],[-73.92493840743975,40.58570024105184],[-73.92570847285634,40.586402684622556],[-73.92637018571114,40.58687142093822],[-73.92695782460439,40.58745196857886],[-73.92711984469324,40.58757971311107],[-73.92750198619633,40.58755929077989],[-73.92735333435401,40.58766988322638],[-73.92746402494052,40.587954535834726],[-73.92787393831556,40.587575503481375],[-73.92747502650577,40.587979676878284],[-73.92790175740991,40.58795340927992],[-73.92755543879134,40.58821522114961],[-73.92745467790994,40.58829956407405],[-73.92636118829891,40.589592718950406],[-73.92425997013224,40.59132144670319],[-73.92475692077477,40.59104452971624],[-73.92635608508668,40.590037914735504],[-73.92836947692135,40.58891821568687],[-73.92852165883289,40.58874320640958],[-73.92869567082214,40.588638434100766],[-73.92844312664111,40.588952920722306],[-73.92885099369303,40.58896217032522],[-73.92887113950056,40.58905765745015],[-73.9287570349942,40.589152966925],[-73.92998187866193,40.58951599787862],[-73.93015902101658,40.58952510921486],[-73.93010325988767,40.58960610507142],[-73.93058909225779,40.590252966543595],[-73.93048078930124,40.59062507739249],[-73.93064106700577,40.59094456641935],[-73.93072580784408,40.59107005495974],[-73.93060066906234,40.59148458204167],[-73.9306058065659,40.59154136250844],[-73.93035545570709,40.59202813803914],[-73.93038338821796,40.59230069936355],[-73.93030751617441,40.59235672359117],[-73.93030388752196,40.592591173468655],[-73.9301252640054,40.592546697532995],[-73.93018660630725,40.59266562031695],[-73.92999915553244,40.59273288070387],[-73.93007018426368,40.59290277655375],[-73.93006353529199,40.592917168468006],[-73.92971282036603,40.593120048248046],[-73.93002033232528,40.59310546889232],[-73.9298231733685,40.59337269559881],[-73.92986032030686,40.593782101239306],[-73.93012135534389,40.59376864014018],[-73.93018748124102,40.593837905278086],[-73.93054679070713,40.594199304085535],[-73.93034434256153,40.59398271226769],[-73.93076122839564,40.59438190052079],[-73.93074061678276,40.594320927210106],[-73.93083206587451,40.59443065566918],[-73.93127371485076,40.59423310576513],[-73.93097341657628,40.59445329362181],[-73.93136684826811,40.594529172094475],[-73.93163177589163,40.59437662255864],[-73.9308191837755,40.594529428370684],[-73.9319991529869,40.59472828630572],[-73.93237188265152,40.594802363889535],[-73.93281932831574,40.594715702441036],[-73.93190580795954,40.59308588397505],[-73.9315505710421,40.59269009334782],[-73.93146597430797,40.5922635141393],[-73.93131727481916,40.59194678741048],[-73.93135300954738,40.59179119396187],[-73.93104847875685,40.59172629086597],[-73.93149291902434,40.59148103928659],[-73.93155939441621,40.59129296407077],[-73.93105313024398,40.58933030392323],[-73.93053614268543,40.58876212495992],[-73.92974410780819,40.58864107972965],[-73.92970255020447,40.58760735547415],[-73.93118073044307,40.5867987337134],[-73.93091279265599,40.58688763841874],[-73.92888983084917,40.5870838187193],[-73.9280823297159,40.58669769393763],[-73.92814969379522,40.58617810776292],[-73.92774311153151,40.586050065209335],[-73.92751168880423,40.586270107541246],[-73.92714096644342,40.58581242644439],[-73.92660195912514,40.58552907123923],[-73.92618443073194,40.58518171360485],[-73.92532658314218,40.58464687975611],[-73.9250266856206,40.58471069377117],[-73.92453331145809,40.58464608804953],[-73.92411977016188,40.58466316285446],[-73.9237562703406,40.58474356335318],[-73.92354117944835,40.58478717257859],[-73.92311274404497,40.58476267867098],[-73.92266396464584,40.58467866100412],[-73.92216374693601,40.584680655736314],[-73.92148629359107,40.58464961766277],[-73.92107282492911,40.58460473083562],[-73.92059058721995,40.584655205380066],[-73.9201956305338,40.584634537869825],[-73.91988338525853,40.584752813647064],[-73.91964214028775,40.58483710280334],[-73.9194904965566,40.584897896615956],[-73.91919210895442,40.584953731107824],[-73.91884177539345,40.585043116291104],[-73.91873721844152,40.585245527525565],[-73.91827395948499,40.58541642961992],[-73.91822488302667,40.585322022350375],[-73.91798349497577,40.585452872897115],[-73.91774739918533,40.58557763334362],[-73.91748237773932,40.585603437687595],[-73.91735160448341,40.58563113967719],[-73.91715284984376,40.585687957720886],[-73.91703396101947,40.58576067403163],[-73.91695894597183,40.58589053791545],[-73.9166910012725,40.58592830679227],[-73.91620669468546,40.58604660248574],[-73.9158616783661,40.586125760816905],[-73.91546956704377,40.586227575839146],[-73.91516591088366,40.586286232942214],[-73.91479664555945,40.58627151063006],[-73.91451879447337,40.58620671730119],[-73.91421300745348,40.58617069991834],[-73.91387373477062,40.58604327665611],[-73.91366371260101,40.58608837497621],[-73.91356180685531,40.58610818820773],[-73.91278761357307,40.585706022607425],[-73.91247425970482,40.585026702415874],[-73.91238199348398,40.58462315339449],[-73.91261720032476,40.584277683371766],[-73.91261266604464,40.5840245832631],[-73.91260664321706,40.58389463042285],[-73.91265111155104,40.583604150362135],[-73.91240864017952,40.5834884754652],[-73.91270404052663,40.58320432501546],[-73.91303116125991,40.58311149572026],[-73.91334530004652,40.58308774402691],[-73.91398276542384,40.582989880552624],[-73.91431347825305,40.58288483538581],[-73.91444562078028,40.58279792088553],[-73.91482092346082,40.582817385884866],[-73.91485126450604,40.5829620462995],[-73.91498685680605,40.58315284032853],[-73.91525733442546,40.58308729219161],[-73.91565304415482,40.58295545303636],[-73.91607986037063,40.58288302829906],[-73.91635828130127,40.58306600817023],[-73.91691664570558,40.5831191294635],[-73.9170838294655,40.583058977652875],[-73.91659049396185,40.58272577750725],[-73.9162906180458,40.582791313398594],[-73.91608276193872,40.58266602729391],[-73.91605533428863,40.58254666209617],[-73.91590736628615,40.58243445672382],[-73.91574397996061,40.58238753698738],[-73.91550413660778,40.582391122891984],[-73.91526029387255,40.582369423469984],[-73.91477047211998,40.58247536683088],[-73.91436373972235,40.58249801040324],[-73.9143717701619,40.58263728885106],[-73.91417614123809,40.582664178627745],[-73.91408107163326,40.58274022091247],[-73.9136961454761,40.58276938477016],[-73.91324486679436,40.582937713593545],[-73.91293062903804,40.58292463022772],[-73.9129938424696,40.582706740169286],[-73.91289270581315,40.58285243999617],[-73.9127915566794,40.582979254960996],[-73.91250405700492,40.5830562477066],[-73.91222052272715,40.582963339545444],[-73.91244325020699,40.58289129372829],[-73.91198163846727,40.58292039321013],[-73.91180279364119,40.58291306468986],[-73.9112863598385,40.5823135862924],[-73.91154161171626,40.5817940271557],[-73.91298249383613,40.58174599544372],[-73.9142745011442,40.581706343668884],[-73.91579767708295,40.58165874981451],[-73.91705904915018,40.58193466918448],[-73.91814011869593,40.58213869717276],[-73.91955473892295,40.58258534206251],[-73.9209704859748,40.58291721174891],[-73.92264745221502,40.58333056697821],[-73.92391812130144,40.583525142981046],[-73.92509444897414,40.58351540393561],[-73.92630382039846,40.583552933939494],[-73.93043425282245,40.583254018451946],[-73.93088495039031,40.58289838004215],[-73.93073321694288,40.58284577187704],[-73.93082904863795,40.582758816472264],[-73.93183474186912,40.582933307786995],[-73.93178584328813,40.58302829077972],[-73.93201839411537,40.58311112461853],[-73.93269070328577,40.5829206107191],[-73.93309972476337,40.5829509127886],[-73.9345599290285,40.5831654141315],[-73.93567353145988,40.58301942441253],[-73.93622236368505,40.58328624222732],[-73.93612802211179,40.58297936452202],[-73.93634906196027,40.58300460270287],[-73.93698651739248,40.58306617302948],[-73.93663263829838,40.582990942126536],[-73.93700558408267,40.58301601947137],[-73.93788732683016,40.583343967667396],[-73.93864663032176,40.58310636722808],[-73.93930153084892,40.58333321505446],[-73.94056916880336,40.58314914705389],[-73.94026708883284,40.58307249059315],[-73.94058667187672,40.583115240775385],[-73.94073868464442,40.5830912429559],[-73.94092816033076,40.583255342472924],[-73.94120561662952,40.58309900307505],[-73.94255133565296,40.58351447617082],[-73.94369153004573,40.58346775426596],[-73.94534992503476,40.58352905211038],[-73.94691796276106,40.583546033249704],[-73.9534192982367,40.58260821088623],[-73.94502940359527,40.58142927640803],[-73.93381280663911,40.58113292574204],[-73.93383627277888,40.58122031677365],[-73.93375801356126,40.581132041605834],[-73.93269753266534,40.581269288473024],[-73.93164069394207,40.578170809176044],[-73.93499540304093,40.575226412588734],[-73.93668273285762,40.57542357989077],[-73.93680730268133,40.57555380792711],[-73.94252738350515,40.575391827587296],[-73.94248281376751,40.575509511762924],[-73.94347256946384,40.57574893063847],[-73.94463319129608,40.575691196747094],[-73.9446257916007,40.575246532260415],[-73.94545203456566,40.575572780194],[-73.94619846661762,40.57524956178104],[-73.94708500319487,40.57498087212678],[-73.9508117706898,40.57449199818998],[-73.9531178887161,40.57428779386085],[-73.95410726751386,40.574101983080055],[-73.95634533454609,40.573797578291845],[-73.95898718972552,40.573430655731926],[-73.9626760712735,40.57366693903902],[-73.96744946374338,40.57300806491296],[-73.96946838633163,40.5728233657055],[-73.97137785791335,40.57251075309887],[-73.9731469334436,40.57241463999526],[-73.97342758666767,40.572234670767834],[-73.97550883034111,40.571524492440524],[-73.97804724933891,40.5711997939595],[-73.97793080193601,40.57181220403646],[-73.97952183045098,40.57171407873417],[-73.97942308640859,40.57130052982252],[-73.9799874371307,40.57158360582356],[-73.98199239133086,40.571351813309214],[-73.98225580253015,40.57156841828965],[-73.9838212539489,40.570045789984334],[-73.9875218763042,40.57104727092355],[-73.98935934175856,40.57083089249513],[-73.99119337523618,40.5706118749682],[-73.9930528994427,40.57033902555882],[-73.99513514004278,40.57006678761192],[-73.99704438661125,40.57035647342448],[-73.99818720620964,40.57046086506924],[-73.99971929823448,40.57047379774003],[-74.00187786517665,40.57024746431587],[-74.00273153093214,40.57193984216143],[-74.00351575170338,40.572268106676205],[-74.00388971484415,40.57248869279234],[-74.008708657302,40.57375981858765],[-74.0124595183103,40.576681770667385],[-74.01274982470386,40.57855731173522],[-74.01086035571245,40.58046224526466],[-74.00908914150959,40.58111197592424],[-74.00745366008167,40.581803522847906],[-74.00050742414112,40.58127580080333],[-73.99891497675809,40.58145143567641],[-73.9979557054958,40.58128740825239],[-73.99796880098629,40.58070434765644],[-73.99149224635245,40.57923108680756],[-73.9884283376943,40.57881584261948],[-73.98758653958213,40.57904070176424],[-73.98588567394853,40.581144424564755],[-73.98745816143249,40.58037825761146],[-73.99174273417005,40.581200162587464],[-73.99032293350066,40.58451045248402],[-73.9930269949536,40.58337083342383],[-73.99354754864493,40.583061978031786],[-73.99479586376937,40.58253948056313],[-73.995287428103,40.582311998131715],[-73.99622429809617,40.58220193058146],[-73.99985809444586,40.58454296095278],[-73.99808523776015,40.58536472158149],[-73.99897352811573,40.58642861560585],[-73.99421554608307,40.58886853048277],[-73.99552212251812,40.588390622988115],[-74.00011449538404,40.58695164090259],[-73.99788311251041,40.58834343792279],[-73.99855344167923,40.59001768314623],[-73.99853303406094,40.59020899816091],[-73.99718982739488,40.591606181403975],[-73.99998735004289,40.591172945649255],[-73.99903131441658,40.59231280344756],[-73.99907629609658,40.59244347428182],[-73.99854421315827,40.59359676275937],[-74.00282412793433,40.59526159829329],[-74.00993545102718,40.60022149043688],[-74.01302160049836,40.60156586710361],[-74.01832347216853,40.60241765113044],[-74.02101662991085,40.603555553160966],[-74.03213159551316,40.60590183626424],[-74.0347894071867,40.6085008962114],[-74.03568233633712,40.60902854019214],[-74.03663793494066,40.610742488184194],[-74.03944150515282,40.61377594419187],[-74.04152966802248,40.62026989441516],[-74.04169490179856,40.62280245622835],[-74.04187652595631,40.624519338293894],[-74.04110104224473,40.63000565384536],[-74.03991790625051,40.6325344437071],[-74.03647949179154,40.6395821044847],[-74.03677338009162,40.64152092937311],[-74.03266558997933,40.64372034478005],[-74.0305183086342,40.64527442520901],[-74.02819053049323,40.644414330206274],[-74.02518511713905,40.647096327783544],[-74.02414566050571,40.64761510125984],[-74.02552971543658,40.651478550692815],[-74.02550139045746,40.65183985103419],[-74.02272372795782,40.65129732276874],[-74.02112707783829,40.650943212115436],[-74.02309923681541,40.65291943844561],[-74.02210195162453,40.65358795380763],[-74.02060214479559,40.654290824324356],[-74.01892195088301,40.6537655977166],[-74.01980081652,40.65648721058464],[-74.01766644409523,40.6581856387715],[-74.01183862056554,40.65891283727471],[-74.01046331724496,40.66264211979004],[-74.00426191059579,40.66163174629029],[-74.00512674648985,40.66214947846883],[-74.00622698247926,40.662787827860946],[-74.00383146963533,40.66192521575293],[-74.00455994636015,40.66281119107493],[-74.00497993436092,40.663061142361315],[-74.00523151018437,40.663118469663694],[-74.00590835965352,40.663638283630114],[-74.00763877534811,40.66479598033105],[-74.00653579559385,40.664257403636206],[-74.0057578104549,40.663922756801625],[-74.00584924770612,40.664503298619664],[-74.00362862508568,40.66273484753455],[-74.00053780692812,40.663333477706956],[-74.00161950021094,40.66676627917446],[-73.99904324792305,40.668880220735154],[-73.99891160167893,40.669648578639524],[-73.99962813665823,40.67011307681143],[-74.00510111198022,40.66797532110031],[-74.0068608493116,40.666126185565616],[-74.0068581574494,40.6660283367993],[-74.00697388520257,40.666070916707696],[-74.00688141944154,40.666132467137324],[-74.006615721184,40.66862315627201],[-74.01876336878676,40.6710758744944],[-74.01033845947939,40.66907819544801],[-74.01177191195629,40.67070305441851],[-74.01239804800423,40.670941732782154],[-74.01393626689513,40.67117907687786],[-74.01422923190454,40.67220720549287],[-74.01727138470127,40.67360864580553],[-74.01785694945183,40.674057830595665],[-74.01803574975764,40.67495881684346],[-74.01826950310671,40.67534926808167],[-74.01882833110551,40.67504933485619],[-74.0184280239263,40.675561053580665],[-74.01842037213923,40.67587810089464],[-74.01797569982654,40.676516920608044],[-74.0190876381209,40.677831236398745],[-74.01864991332968,40.678384875837295],[-74.01942864377907,40.67840019839305],[-74.0190301377812,40.67844265854746],[-74.01871751760085,40.6784316687477],[-74.01832227122645,40.678721665007465],[-74.01954011569903,40.67896820623784],[-74.01757049428147,40.68065064812434],[-74.01410549647976,40.68171251937546],[-74.01092841268033,40.68449147254294],[-74.00701988682655,40.68652641719407],[-74.00096156854941,40.69012876835008],[-73.99988214960379,40.69560519924561],[-73.99887117097657,40.697157577295826],[-73.99526015117385,40.702810209036166],[-73.99477158125168,40.704049360374455],[-73.99377457207807,40.70444945740875],[-73.99195715431208,40.70420067785325],[-73.98920046436162,40.704723896988796],[-73.98673006395882,40.70510648571835],[-73.98340650330286,40.705466370660425],[-73.98232944150563,40.705552033663906],[-73.97918270800932,40.705965214973176],[-73.9788031024613,40.70547222712392],[-73.97838895552228,40.70583025458728],[-73.9783515525848,40.70596550627445],[-73.97859313620131,40.70497858414282],[-73.97751215494965,40.70319675266345],[-73.97553456489743,40.70304280880568],[-73.97550083176424,40.701758308965616],[-73.97566650761667,40.69953825388526],[-73.97411513926484,40.701305271419315],[-73.973757007132,40.7015341388818],[-73.97283512788736,40.70272874074396],[-73.97145657354828,40.70350871592457],[-73.97310627091187,40.70713556922048],[-73.9704888184858,40.705400665621866],[-73.96994088125629,40.709310231405944],[-73.9697116143561,40.710690067366606],[-73.96950659655984,40.711177142260965],[-73.96893565827624,40.712017054752764],[-73.9688319779804,40.71264017567564],[-73.96846827481588,40.7129267938521],[-73.96715159998938,40.716919273179705],[-73.96619320724928,40.71829934928019],[-73.96528401324453,40.71936086098301],[-73.96435606131357,40.72016300359866],[-73.96275665422671,40.72239901512607],[-73.96141263577846,40.72517721949264],[-73.95842611843923,40.72540053583214],[-73.96099640841629,40.72876912608585],[-73.96182557485882,40.731607799026314],[-73.96198477870492,40.734638033148144],[-73.96021577508539,40.73664518107986],[-73.95979907338211,40.73708439336925],[-73.95930574127578,40.73745206858885],[-73.95876542999086,40.73781480846912],[-73.95795987117344,40.738348391373066],[-73.95693002865117,40.73888707307152],[-73.95480757566857,40.73911884350017],[-73.95439555417089,40.739114772522505]]]]}},{"type":"Feature","id":3,"properties":{"BoroCode":1,"BoroName":"Manhattan","Shape_Leng":358532.95642,"Shape_Area":636442167.467},"geometry":{"type":"MultiPolygon","coordinates":[[[[-74.01092841268033,40.68449147254294]]],[[[-74.00500373315077,40.68760598540084],[-74.00562986330397,40.686784205541045],[-74.00783293766685,40.68738505516271],[-74.00742012154099,40.68820629043591],[-74.00500373315077,40.68760598540084]]],[[[-74.00382038919734,40.688929644699286],[-74.00459270521773,40.688215222986585],[-74.00678438439812,40.68882687995826],[-74.00636461225268,40.68966966863697],[-74.00382038919734,40.688929644699286]]],[[[-74.00297565436567,40.6904265759207],[-74.0034092162452,40.68961326065753],[-74.00575900670346,40.69023640001618],[-74.00534209624917,40.691091602977856],[-74.00297565436567,40.6904265759207]]],[[[-74.04387761573952,40.690187676376645],[-74.04438521711258,40.68851617840295],[-74.04718321412065,40.69074735504908],[-74.04707269644433,40.691038064418805],[-74.04387761573952,40.690187676376645]]],[[[-74.00133197595126,40.69122536376407],[-74.0006990584188,40.69061185791647],[-74.00479415294554,40.6917616203744],[-74.00440941259977,40.6925288003893],[-74.00196938526082,40.69184320831748],[-74.00133197595126,40.69122536376407]]],[[[-74.01674756096071,40.69334336821759],[-74.01512395634914,40.69325806929966],[-74.01342500755122,40.69211440434818],[-74.01211815614381,40.692606365717495],[-74.01175749051257,40.69226373956153],[-74.01220114116371,40.69204490509608],[-74.01324784563475,40.69205421763981],[-74.0133351582511,40.69200446297075],[-74.01285987108903,40.69160299086559],[-74.01254505151522,40.6913915932729],[-74.01219500090086,40.6910288475688],[-74.0120495985062,40.69061054854665],[-74.01333019977952,40.68809316604797],[-74.01514391021996,40.686437034043],[-74.02020686710533,40.684833833077064],[-74.02233552903566,40.68447639360421],[-74.02341479373862,40.684035603130475],[-74.0258850182353,40.68437652684004],[-74.0265702154533,40.685905384681334],[-74.02515426770431,40.6873874944769],[-74.0238114416939,40.688664515802714],[-74.02121292061634,40.691103965650896],[-74.01964733810607,40.693168655728776],[-74.01819162214264,40.693254800933325],[-74.01674756096071,40.69334336821759]]],[[[-74.00154172920259,40.69278596275013],[-74.00174362045014,40.69240674970548],[-74.00400795971099,40.69320819963236],[-74.00374561906435,40.69361620298109],[-74.00346218092525,40.694057015074726],[-74.00127014902642,40.693296061673735],[-74.00154172920259,40.69278596275013]]],[[[-74.00078295275677,40.694286515664594]]],[[[-74.00043147340435,40.69705246617853]]],[[[-73.99837760685774,40.69806329564351],[-73.99887117097657,40.697157577295826],[-74.00104903057526,40.697908236697394],[-74.00048768562519,40.69875777763452],[-73.99837760685774,40.69806329564351]]],[[[-73.99799957540135,40.69879768554428],[-73.99802102725113,40.69876173657377],[-74.00001840433622,40.699466048073624],[-73.99947463838926,40.70032277801831],[-73.99749898310002,40.69963886932122],[-73.99799957540135,40.69879768554428]]],[[[-74.03995040788516,40.70089063064271],[-74.03991248872624,40.69770204039838],[-74.04053637732214,40.70078209477501],[-74.03995040788516,40.70089063064271]]],[[[-73.99538448382651,40.70264301006583]]],[[[-73.99502134649178,40.70314786924672],[-73.99504592748326,40.70313183979956],[-73.9954456431207,40.70327530547177],[-73.99529346700935,40.703554065897976],[-73.99498203312825,40.70338171553518],[-73.9948003827487,40.70329195814199],[-73.99502134649178,40.70314786924672]]],[[[-73.99476934191568,40.70395289495355]]],[[[-73.98237340505966,40.705543350437516]]],[[[-73.96715101172609,40.718316125932425]]],[[[-73.96636503305284,40.71905633078414]]],[[[-73.96435090640153,40.7204040323719],[-73.96439765915949,40.7202967350292],[-73.9646828364128,40.72047045735994],[-73.96459313964768,40.7205448442115],[-73.96435090640153,40.7204040323719]]],[[[-73.96399793724464,40.720938438072736],[-73.9640876914787,40.72075552952225],[-73.9650491454937,40.721357344251764],[-73.9648942203191,40.721475120882026],[-73.96399793724464,40.720938438072736]]],[[[-73.9623659688944,40.724209061614246]]],[[[-73.96230408011073,40.73311409141064],[-73.96358859157168,40.73291184522031],[-73.9636532145088,40.73299217114839],[-73.96230408011073,40.73311409141064]]],[[[-73.96124682285472,40.74042473171839],[-73.96125957937375,40.74033293894224],[-73.96145013844345,40.7403378346804],[-73.96164163979049,40.74035611292443],[-73.96162982563841,40.7404589294575],[-73.96129339923259,40.740432799367966],[-73.96124682285472,40.74042473171839]]],[[[-73.96421230395678,40.74660431847666],[-73.96421616682369,40.74683700083099],[-73.96421230395678,40.74660431847666]]],[[[-73.94180032729427,40.769046926624696],[-73.94788268389205,40.76236569759199],[-73.95209233022631,40.757993140344844],[-73.95519503183569,40.75477452347619],[-73.96082903392383,40.74991055070526],[-73.95956757199644,40.75280926199295],[-73.95553464377038,40.75729603446833],[-73.95332321617924,40.759745964687404],[-73.94997191750258,40.76364603031704],[-73.94548114289289,40.7686247794378],[-73.94427007063514,40.77014053575725],[-73.94001157258356,40.772842360552566],[-73.94180032729427,40.769046926624696]]],[[[-73.9380464060344,40.78082954427552],[-73.93931821987601,40.779718001826865],[-73.93830097951647,40.781362084365],[-73.9380464060344,40.78082954427552]]],[[[-73.92133752419281,40.800852107502166],[-73.91891076100572,40.79874013836826],[-73.91552117846287,40.79178325024936],[-73.92188898370829,40.785701197162766],[-73.92448052280426,40.782320490645816],[-73.92760395474536,40.78103974834898],[-73.93581299798618,40.783710081537535],[-73.93224324577368,40.78969251541155],[-73.92680823694627,40.79076444037093],[-73.92611287738146,40.791413114197454],[-73.92576489947525,40.79185822161335],[-73.92657917148098,40.79179401534294],[-73.92701950679626,40.79099942950557],[-73.92789328730943,40.79097884668096],[-73.92826720296158,40.792328523948164],[-73.92705122854386,40.795178492528386],[-73.92711806944756,40.797203861738105],[-73.92747588603497,40.79812289966491],[-73.92666565480394,40.80018271403578],[-73.92686908679461,40.800783676799256],[-73.92263378594899,40.80186873814104],[-73.92133752419281,40.800852107502166]]],[[[-73.92640556921117,40.87762147653734],[-73.92635279562853,40.877414480428804],[-73.92624595751,40.87707638093424],[-73.92517576034099,40.87725516263564],[-73.92465607179324,40.8774342276077],[-73.92354823367553,40.877301379737034],[-73.92283147429004,40.877005969095464],[-73.92262222332906,40.87693206371375],[-73.9224923463615,40.87684892935579],[-73.92244122176284,40.875794538966765],[-73.92267322082176,40.874750845202016],[-73.92198270544792,40.87349689758088],[-73.92091406868286,40.873007505814115],[-73.92068931274706,40.873011840960565],[-73.92035690847125,40.87307978578126],[-73.9201036874965,40.873221761232784],[-73.91996152695478,40.87351302125862],[-73.91979277649075,40.87364631105558],[-73.91996707895036,40.873773040951114],[-73.92024139479356,40.87396281843665],[-73.92076966714163,40.87417738586543],[-73.92074290853492,40.874451755581866],[-73.92081649581905,40.874621359089325],[-73.92092254079135,40.87476184470559],[-73.92103202290929,40.87493450766608],[-73.92117284868017,40.87516811912251],[-73.92111290364167,40.87526723019338],[-73.92095515364723,40.87542911072826],[-73.92048049143374,40.875375138489346],[-73.91885215153415,40.87462948746191],[-73.91911373860908,40.874334301385026],[-73.91928158019392,40.87365873441527],[-73.91916029061512,40.87361268909598],[-73.91909773075793,40.873468601557214],[-73.91908476584392,40.87346608324018],[-73.91905778943246,40.87346102562956],[-73.91903629227293,40.873458236905996],[-73.91895025845224,40.87341768448204],[-73.91893202135053,40.8733597917465],[-73.91895679710662,40.87333863775294],[-73.91888247982261,40.87332689175644],[-73.91876599252414,40.87333793081876],[-73.91869941400375,40.873271436507075],[-73.91864886008561,40.87327862932268],[-73.91852666929762,40.8732132314981],[-73.91849499715504,40.87331147467232],[-73.91846904628137,40.873571462815065],[-73.91832792070933,40.87369429176752],[-73.91794108366356,40.87398314781029],[-73.91781448198523,40.87394623603754],[-73.9174291453908,40.87411754000319],[-73.91634348667569,40.87452384988966],[-73.91463283278526,40.87432662109677],[-73.91303726119467,40.873842579937886],[-73.91135878271295,40.873127757135315],[-73.91109971709051,40.872867964110604],[-73.9109146688595,40.87257394694841],[-73.91054474954701,40.871986327947276],[-73.9104442043008,40.87146367102503],[-73.9105594216908,40.87126161251261],[-73.91070326135414,40.87099586338303],[-73.91073765208611,40.870709611088714],[-73.91075887769868,40.87040912941061],[-73.91080953728986,40.87001975884002],[-73.91085426331355,40.86979742478823],[-73.91091538027192,40.869568597276604],[-73.91113245415059,40.8694417631584],[-73.91141653489677,40.86935458553054],[-73.91107925214567,40.869061476379066],[-73.91119985851023,40.86886445284957],[-73.91133500160294,40.868657659361645],[-73.91150538755133,40.86830338506653],[-73.91173192064302,40.868060623767015],[-73.91179668040859,40.86789561438441],[-73.91199296785702,40.86750583452555],[-73.91391863133242,40.86474558440359],[-73.9150440759955,40.8644367216077],[-73.91566444392174,40.86435015331548],[-73.915854349065,40.86412257697167],[-73.91538444080845,40.86408030145587],[-73.91524067177397,40.86399606817476],[-73.91520071079607,40.86365218622607],[-73.91548516464036,40.86330071832319],[-73.91552015328244,40.86291007496547],[-73.91569323361944,40.86287981889343],[-73.91616935439099,40.862441260343886],[-73.91660191778598,40.86214195529302],[-73.9167953482249,40.86197760126723],[-73.91723056919929,40.86173654373113],[-73.91754749618079,40.86132313129047],[-73.91783553765005,40.86099693592739],[-73.91788387387614,40.860802221270625],[-73.918428283844,40.860056892617045],[-73.91860966058998,40.859811808084224],[-73.91877796600038,40.8595467513165],[-73.91954642281225,40.858791579133324],[-73.92026958923759,40.85901867159196],[-73.91984149127151,40.85882719172704],[-73.92067070680032,40.85928997791524],[-73.9213456057134,40.86021278567642],[-73.92168799950893,40.85983994521572],[-73.921664557898,40.859592321597304],[-73.92180348498401,40.85955904303376],[-73.92179128111253,40.85946693300161],[-73.92182743857518,40.85937152320408],[-73.92182860052968,40.85912859049979],[-73.92156323476759,40.859038306848646],[-73.92134098678984,40.858912689841716],[-73.92125580136798,40.85884655352702],[-73.92110400043434,40.85861619463394],[-73.92106819230466,40.85841728803167],[-73.92092950082896,40.85825501412292],[-73.92048278543032,40.858171961497774],[-73.92055940739422,40.85804926796666],[-73.92061195368196,40.85789563653848],[-73.92069520768335,40.85778083514131],[-73.9207401803184,40.85771239291263],[-73.9209087473556,40.857843772803285],[-73.92083991421822,40.857721294888435],[-73.92091472483575,40.857714404363506],[-73.920907254596,40.85770304384412],[-73.92078761914499,40.85765437063229],[-73.92090075662531,40.857582499179216],[-73.92102453923816,40.857564078685044],[-73.92116405945617,40.85743662069778],[-73.92158397060005,40.85728979192766],[-73.92180121504491,40.856998943362186],[-73.92214637159866,40.85672634079117],[-73.9223445937413,40.85568233581485],[-73.92218403221783,40.85591360667985],[-73.92207704565462,40.85605913536592],[-73.92167181691568,40.85639401600258],[-73.92212749215768,40.85590190957595],[-73.9222593171054,40.85572561566741],[-73.92341584183625,40.85422580636214],[-73.92517217729042,40.85180259232931],[-73.92575544274939,40.85092631771205],[-73.92740369127671,40.84855731211807],[-73.92938078797043,40.84571308802421],[-73.93015203635436,40.8444493059429],[-73.93069805828597,40.84302311939354],[-73.93279550731185,40.83912367646821],[-73.93401488559302,40.83693422612271],[-73.93483181137557,40.83538552549234],[-73.93496523015561,40.834656847953674],[-73.9350968747191,40.83371535679222],[-73.93513040300631,40.83322866727349],[-73.93511783020571,40.8329671390245],[-73.9350878372859,40.83185919835002],[-73.93477028229692,40.82972036169422],[-73.93471288560676,40.82940072594463],[-73.93464959243249,40.82904811940702],[-73.93460804993308,40.82865336301817],[-73.93459750565476,40.82834482035353],[-73.93454586266019,40.82804816146417],[-73.9343671795533,40.82582759866107],[-73.93412126165076,40.8226472527417],[-73.9340356044318,40.82095254728246],[-73.93380019473048,40.818349758873964],[-73.93395205657899,40.8154972187218],[-73.93395452158194,40.815235472026664],[-73.93397473519485,40.81484872821329],[-73.93399121978346,40.8145283864341],[-73.93409306691923,40.811968402530745],[-73.93356119311483,40.80760067738665],[-73.93146707188349,40.805305969805595],[-73.9310339009393,40.80479448221434],[-73.9306873327641,40.80431031272539],[-73.93027860567484,40.80373437922566],[-73.92988948082971,40.80283035745904],[-73.9291183881423,40.8011130032263],[-73.92894396946963,40.79891158893545],[-73.92983254042527,40.7949490611408],[-73.93165821105748,40.79380174043914],[-73.93327130499023,40.79289947490206],[-73.93526809778405,40.79152802580039],[-73.9370724626223,40.78934584188615],[-73.9375498916258,40.78828374452882],[-73.93813356192992,40.787165790398426],[-73.93992974399463,40.78520176553128],[-73.94023795768314,40.78503713468404],[-73.94074901720528,40.78476751820214],[-73.94185448592206,40.78422074667741],[-73.94293520531139,40.78357210608962],[-73.94354420712479,40.78288052432521],[-73.94253556320854,40.77909095606243],[-73.94209312757069,40.776964716953],[-73.94561514012513,40.771943026587664],[-73.95176480900405,40.765163711843144],[-73.95800496616826,40.75897199962931],[-73.95965770876658,40.75726014512322],[-73.96268703046537,40.75400437328663],[-73.9683651932415,40.74743349462009],[-73.96847691942916,40.74707250130825],[-73.96867043421348,40.74683600997994],[-73.96901961115923,40.74647243890258],[-73.96940086652107,40.74601402712997],[-73.9699057526526,40.74545820514512],[-73.97037811940496,40.74495230608582],[-73.97090946132161,40.744456352094105],[-73.97090457107983,40.74410349618337],[-73.9707182349404,40.74401692784815],[-73.9709630019347,40.74402367277483],[-73.9711878017199,40.74370736326176],[-73.97131062520062,40.74352402319081],[-73.97210163980685,40.741623202060914],[-73.97222515614337,40.74041669693116],[-73.97243888981419,40.740021749973224],[-73.97262084766339,40.73852066599611],[-73.97260609997487,40.737938672288735],[-73.97260003717396,40.737221768395315],[-73.97255622610962,40.736461485527485],[-73.97442932366877,40.73626063349144],[-73.97450488285965,40.73604228053669],[-73.97447066995048,40.735728515191866],[-73.97341851539198,40.73536788602196],[-73.97283745943463,40.735199716704415],[-73.97327881634087,40.73514752741429],[-73.97440811789222,40.73517789663209],[-73.97406016216328,40.73381107244231],[-73.97384483854887,40.733265361113745],[-73.9737271870777,40.73321971435088],[-73.97381887171848,40.73309924765458],[-73.97338181410127,40.73123602442195],[-73.97283215562838,40.730681481309645],[-73.9719634030125,40.73000037721747],[-73.9714571612231,40.729169407557954],[-73.97151048447928,40.7280027639066],[-73.97152076789605,40.72738616623968],[-73.97181650587733,40.72581496675248],[-73.97208098151926,40.724497567930335],[-73.972889713967,40.72108829721929],[-73.97466032525058,40.71569855120878],[-73.97596844519695,40.71278957339083],[-73.97722213562571,40.711068731228295],[-73.97918894377005,40.71043492338826],[-73.98306019477403,40.709647911748085],[-73.98866750580945,40.709920034830716],[-73.99078913018568,40.7096895060861],[-73.99400820164047,40.70923747991901],[-73.99856114620617,40.70831528323353],[-73.99938225177361,40.70784154932151],[-73.99994505655113,40.7075826269833],[-74.0011868526283,40.70685982577176],[-74.00140666691956,40.706179388020644],[-74.00212278686423,40.70537900267248],[-74.00233393075767,40.70474260740416],[-74.00287843069458,40.704831357989754],[-74.00349632042327,40.703796769267704],[-74.00516296842163,40.70432009323667],[-74.00429788566105,40.703017268369656],[-74.00467686257014,40.703348174040805],[-74.00538791847224,40.703949405145245],[-74.00632434161034,40.70346987449469],[-74.00561361797628,40.702530242032324],[-74.00598430339495,40.7028600180411],[-74.00760498179527,40.70299314165838],[-74.00775549150642,40.701548001671796],[-74.01112667396993,40.7012749963767],[-74.01103748928746,40.70075713124812],[-74.01093617683647,40.700575841947014],[-74.0109309320508,40.700415152334394],[-74.01136082267433,40.70056581099924],[-74.01161413587114,40.70047261846256],[-74.01208668214694,40.70068130873917],[-74.01215779158521,40.70021137864813],[-74.01251511280125,40.70015049211081],[-74.01300205335572,40.70051602896802],[-74.01315384897734,40.699844940485384],[-74.01353285018104,40.70010816142323],[-74.01356034144283,40.70036653343724],[-74.01355826959488,40.700939870830524],[-74.01417787931783,40.700541473553685],[-74.0145842544043,40.700308468955086],[-74.01447857931359,40.700462082155745],[-74.01506818269306,40.700318257554926],[-74.01492379463956,40.70053033870711],[-74.01567778184744,40.701256021027426],[-74.0171370588938,40.702711340267676],[-74.01761681217124,40.703423248465384],[-74.01764306532704,40.70398897346137],[-74.01783782825969,40.703962666138494],[-74.01754791723499,40.70466387515681],[-74.01776552858092,40.7046724965634],[-74.01797888053447,40.704640971684015],[-74.01934155704544,40.70607053820404],[-74.01890921570671,40.70706434245125],[-74.01857117399437,40.70707992238862],[-74.01882011914354,40.70701597288297],[-74.01862814488064,40.70701097846493],[-74.01840649088628,40.70725787215848],[-74.01863142468966,40.70894110005416],[-74.01773183836703,40.71284931234665],[-74.01647724204146,40.713029493073954],[-74.01767565436704,40.713063109815586],[-74.01772305328991,40.71306713105259],[-74.01669419095943,40.718648843354394],[-74.01497036257997,40.718535850864264],[-74.01294583743955,40.719696808422064],[-74.01418581466791,40.72048801202075],[-74.01364192748746,40.72038336629997],[-74.0130801014564,40.721545807195234],[-74.01165326569944,40.72587176185136],[-74.01341677520725,40.726621031213405],[-74.01108642940423,40.731289029582236],[-74.0107566334534,40.73340414835768],[-74.01084845640051,40.73359082920015],[-74.01070404345344,40.736129184430894],[-74.01061910077433,40.73634539072178],[-74.01109173777968,40.7383921815097],[-74.01158045502316,40.739264536112],[-74.0123494342838,40.73979389076181],[-74.01232975860144,40.740183488448025],[-74.01147486918865,40.74068706027102],[-74.00957692791621,40.74121065665437],[-74.00958464345705,40.74326352048307],[-74.00904207504232,40.74393387125505],[-74.00994341816718,40.745265769736356],[-74.01016465197371,40.74496392462975],[-74.01046920011869,40.74538676602898],[-74.01041937209396,40.74497682467362],[-74.01110359804886,40.74544767024394],[-74.01138769974185,40.74507311268259],[-74.01175495761673,40.74541909767191],[-74.01178275828092,40.745601572255396],[-74.00945258331897,40.74581765664419],[-74.01152821855571,40.74657522476392],[-74.00956765300359,40.74738787745319],[-74.01133174441694,40.748000575341976],[-74.00951882360121,40.74847354043594],[-74.00972771074944,40.74996378830078],[-74.00947001922512,40.75008116415654],[-74.00912661123246,40.752116895734915],[-74.00900762808338,40.75217684273936],[-74.00880273703078,40.75234485403721],[-74.0098877486832,40.75281407765329],[-74.00774478605643,40.75433654271938],[-74.00620548925973,40.75622084397099],[-74.00699375268468,40.75917614764263],[-74.00407988956842,40.75962604474271],[-74.00366891453542,40.75970596957656],[-74.00444951527278,40.76266456719999],[-74.00306161234067,40.76466578265342],[-74.00073105253735,40.7637552863614],[-73.99919997246742,40.764701914982496],[-73.99858924105149,40.765276178806815],[-74.00136434612982,40.76724936447367],[-74.00041765393196,40.76851247996442],[-73.99715035477148,40.7688473877134],[-73.99575648212902,40.77116066846579],[-73.99572993314409,40.771378818793714],[-73.99497830771199,40.77164524947328],[-73.9965615947765,40.773410941951],[-73.99413665258862,40.77290187017426],[-73.99619583747099,40.773852356184086],[-73.99557226516116,40.773870731394275],[-73.99257784276612,40.77495601635939],[-73.99201877991072,40.776073340735394],[-73.9888718744998,40.77971373825301],[-73.9902233684565,40.779682361211215],[-73.99129488712012,40.77963020920888],[-73.98823241384699,40.78123314421556],[-73.98647480368595,40.78391657371871],[-73.98607113521975,40.786240706026604],[-73.98524003288453,40.78603585813679],[-73.98501696406498,40.78601423719564],[-73.98188645946536,40.79051658093509],[-73.97639951930559,40.79827321069252],[-73.97448722520988,40.80105742889681],[-73.97303522902075,40.8030739737419],[-73.97161113391442,40.80509618747434],[-73.96885218645303,40.80875198661712],[-73.96788099174023,40.81024414732448],[-73.96692265508439,40.81169044653366],[-73.96548975012965,40.81374707236785],[-73.96131833180576,40.818894523557375],[-73.9594262434965,40.82125238173795],[-73.95922976213467,40.82228691013233],[-73.95816805363594,40.822458100991206],[-73.95949747410955,40.82358681628588],[-73.95725896977147,40.827117309873074],[-73.95427220906052,40.82823654314246],[-73.952197590812,40.831220454891884],[-73.95093576231484,40.833293997985656],[-73.94969313831768,40.835862580943484],[-73.94945701919956,40.83670561947372],[-73.94929300490867,40.83676435684787],[-73.94953674996707,40.836865089747924],[-73.94833417923745,40.839997335886025],[-73.94727430439129,40.84205178297003],[-73.946616425962,40.843020098338],[-73.9461136551073,40.84419627752614],[-73.94616086907162,40.84512582705783],[-73.94646620992475,40.845881260909486],[-73.94647353057918,40.84652861816344],[-73.94664058205792,40.84793929215048],[-73.94673313406389,40.84926749721449],[-73.9469522211828,40.84989009836445],[-73.94701781699509,40.850126995982684],[-73.94686899614926,40.85058959685871],[-73.94638447110613,40.85097624672273],[-73.94624374642382,40.85088454299488],[-73.94609670195189,40.85096634175066],[-73.94584092799158,40.851169476644195],[-73.94542239540553,40.85142646640571],[-73.94515355659358,40.85158648460704],[-73.94469269934116,40.85186250585683],[-73.94446197854775,40.851899390886665],[-73.9441966078135,40.85201534181584],[-73.94279838505355,40.85285123388986],[-73.9413131113132,40.85479553975519],[-73.94048831269271,40.856204628822695],[-73.93936488888225,40.85774050573835],[-73.93785336586481,40.85983027123292],[-73.93696851748108,40.86114321902511],[-73.93435568513526,40.86473290706838],[-73.93349285424168,40.86594561482486],[-73.9329017189177,40.86729304389968],[-73.93236746809549,40.86803721447595],[-73.93256891816316,40.86854984723806],[-73.9325061996572,40.86870612539121],[-73.93253729354953,40.868968002362294],[-73.93210997106705,40.86947724910167],[-73.93203156926683,40.87075720253474],[-73.92931918819401,40.875294438560914],[-73.9264818571844,40.87761820301787],[-73.92640556921117,40.87762147653734]]],[[[-73.9235974202039,40.878898712992644],[-73.9235974202039,40.878898712992644]]],[[[-73.9066509953948,40.8757525041926],[-73.90909972110752,40.872394191760534],[-73.90954388337909,40.873017876248824],[-73.9099076988942,40.87338349885833],[-73.91035513943602,40.873777855308674],[-73.911157619934,40.874265740297055],[-73.91159974687177,40.87444524898071],[-73.91177009204115,40.87451602287024],[-73.91194663007461,40.874577021251554],[-73.91222813340738,40.87465854121228],[-73.91233707729461,40.8746917168082],[-73.91242271759744,40.87471859854474],[-73.9125294106921,40.874749485396855],[-73.9127536716665,40.87481497665107],[-73.91290469355404,40.874857881072884],[-73.91358236075142,40.87505879484527],[-73.91406883150395,40.87520834149305],[-73.91558562053174,40.87566296986625],[-73.91033193566491,40.879038046804666],[-73.9066509953948,40.8757525041926]]]]}},{"type":"Feature","id":4,"properties":{"BoroCode":2,"BoroName":"Bronx","Shape_Leng":464517.89055,"Shape_Area":1186804144.79},"geometry":{"type":"MultiPolygon","coordinates":[[[[-73.89680883223775,40.79580844515979]]],[[[-73.88885148496335,40.79870632895875],[-73.88744413439002,40.798351933343454],[-73.88673071139114,40.79807487986166],[-73.88628680056254,40.797770028532184],[-73.88511038267094,40.79687410782216],[-73.88422937028,40.79613685074921],[-73.88371602364636,40.795689839259396],[-73.88362434350394,40.795671412449714],[-73.8836857071501,40.79578851244839],[-73.88370684004403,40.79595406314022],[-73.88361818816543,40.7959521367506],[-73.88324624360263,40.795571948032006],[-73.88283375197727,40.79546393764422],[-73.8820963368747,40.795159861043004],[-73.88136502712482,40.79505760551512],[-73.88066224490042,40.79495316103836],[-73.87975745821167,40.794883683670676],[-73.87847233873839,40.7945567145733],[-73.87797523216786,40.794359790094425],[-73.87690341417039,40.79377545846748],[-73.87631755762351,40.79340643656754],[-73.87599744174831,40.793227208556175],[-73.8756960498014,40.79302111020771],[-73.87512795125663,40.79246518393375],[-73.87429326006692,40.79195306184477],[-73.87351081387882,40.79172536073434],[-73.87292724191764,40.791476261133475],[-73.87208390642425,40.79093283057377],[-73.87126782455508,40.79011992145688],[-73.87102842677983,40.78943168893716],[-73.87094746326208,40.78895375432442],[-73.87080888567434,40.787896691683045],[-73.8727884706952,40.786077976353134],[-73.8740376749399,40.78578000471738],[-73.8767709578346,40.78581140789893],[-73.88596200181817,40.786752519987395],[-73.88952254829918,40.78805882469776],[-73.89160587115371,40.79016070095317],[-73.89073139028334,40.79766089980653],[-73.89062148266542,40.797748923448545],[-73.89000362263472,40.797891840957554],[-73.88831097224379,40.798184185370175],[-73.88885148496335,40.79870632895875]]],[[[-73.89833036270558,40.80241282094002]]],[[[-73.78833349834534,40.834667129759346],[-73.78931223606625,40.834464886553434],[-73.78951019872316,40.83536404252571],[-73.78845700015215,40.83530991431538],[-73.78833349834534,40.834667129759346]]],[[[-73.80222295355264,40.84163481314409]]],[[[-73.78061730829725,40.855735175810025],[-73.78090476851293,40.85496813316222],[-73.7815638969994,40.85500128643382],[-73.78156303268162,40.855744796000785],[-73.78122782332018,40.85608778916275],[-73.78061730829725,40.855735175810025]]],[[[-73.78283291447869,40.855870308445745],[-73.783023715225,40.85509276666491],[-73.7836781966513,40.855173437509706],[-73.78394699722013,40.85563043752662],[-73.78343487501387,40.8563628659588],[-73.78283291447869,40.855870308445745]]],[[[-73.79018745195006,40.858609917386154],[-73.78897964442008,40.8584264030711],[-73.78890090345355,40.85799406515935],[-73.78826498050695,40.85750700086065],[-73.78875047058207,40.85727379569836],[-73.78877940590482,40.85670918583046],[-73.78873183366798,40.85630517854672],[-73.78847402223269,40.85587324721073],[-73.78839114316494,40.85504333657025],[-73.7884247225351,40.854726032878915],[-73.7883963289378,40.85426641862018],[-73.78764390876896,40.85432383443546],[-73.78743057248597,40.85419824648032],[-73.78720845606635,40.85395440428848],[-73.78801424958192,40.85356871120824],[-73.78693805735827,40.852579082928884],[-73.786376220321,40.852112041920506],[-73.7848988857296,40.85173429288906],[-73.78397932898605,40.851532617440434],[-73.78338158610396,40.851586733914345],[-73.7846007769761,40.851095692195194],[-73.78431265352711,40.85077376842164],[-73.78395428629142,40.850654857765434],[-73.78404198397551,40.85044520577749],[-73.7835782526039,40.849266386802206],[-73.78303535537908,40.84907190812785],[-73.78178293737237,40.849309307955735],[-73.7821410869785,40.84910066266766],[-73.78159491975416,40.848752947876605],[-73.78206189132597,40.84844918328463],[-73.78189457733087,40.848327161540084],[-73.78109415548877,40.848480206738124],[-73.78130627517386,40.84834768647261],[-73.78137145881905,40.84833235459943],[-73.78205261928971,40.84699083792774],[-73.78040326958596,40.84693113416607],[-73.78214232783142,40.84657770660859],[-73.78307455830662,40.84550976429189],[-73.7825008810226,40.84559779830173],[-73.7831084132483,40.8452898199034],[-73.78315451147783,40.844363997809275],[-73.78057367810466,40.844469585986424],[-73.78087690198713,40.843862220487786],[-73.78221611882307,40.84344641111835],[-73.78284151617686,40.84389478720192],[-73.78313925968679,40.84282231949004],[-73.78244452404596,40.843042034416705],[-73.78085958503782,40.84350117186927],[-73.78229572698895,40.8424884238486],[-73.78222115152298,40.84226571462879],[-73.78237057744748,40.842004786908966],[-73.78206499291764,40.841844577805496],[-73.7822359267922,40.8417278834831],[-73.78132082303274,40.841857948508164],[-73.78095529321457,40.841959845413115],[-73.78059157622195,40.84220606653755],[-73.78033227924828,40.84203169026735],[-73.78176234410535,40.84121624495405],[-73.7816106965153,40.840996240025675],[-73.78142028765103,40.84069496177365],[-73.7815134773707,40.84045127129022],[-73.78136267245317,40.839730189816294],[-73.78172154866672,40.83822356610974],[-73.7828226013974,40.83633815588788],[-73.78498435600928,40.83692957218054],[-73.78549864182952,40.83848036679504],[-73.78730353132518,40.839674724501016],[-73.78763931219011,40.84053189523666],[-73.78809400249325,40.84050179629599],[-73.7875793752362,40.84093271049872],[-73.78819680117701,40.841478313104496],[-73.78811941308074,40.841731843119284],[-73.7888386489515,40.84235039596117],[-73.78978620461142,40.843208126160675],[-73.78994406956203,40.843139735562296],[-73.78975626839905,40.84347034066183],[-73.78934690531932,40.844011496597254],[-73.79101885992952,40.84569743474456],[-73.79114478824978,40.84641701940378],[-73.79179343625457,40.846731672329284],[-73.7919199781009,40.84725821803072],[-73.79132975970055,40.84805792306426],[-73.7910178352214,40.84881166906432],[-73.79022586388018,40.849909459226765],[-73.79036275955562,40.8499064078614],[-73.79028137292711,40.850221390189404],[-73.79002411829492,40.85034781958286],[-73.7902646047139,40.85095272988654],[-73.78968379674497,40.85141941794185],[-73.79034518797948,40.85136679305499],[-73.79085961290882,40.851408562094946],[-73.79014778434484,40.85160740718403],[-73.79026555282711,40.85181490584799],[-73.79027404235786,40.85222327109253],[-73.79079446716634,40.85191424043077],[-73.7911877076455,40.852016112506725],[-73.7922621707585,40.85158742972976],[-73.79120559068454,40.852197749784416],[-73.7932202604837,40.85182843708695],[-73.79347862914322,40.85227279103702],[-73.79145436303726,40.853010847713534],[-73.79222413063735,40.852831572094274],[-73.79283890218416,40.85270769837336],[-73.79303991170269,40.85337124928518],[-73.79107002765954,40.85394495666461],[-73.792530098547,40.854018842691204],[-73.79248791157373,40.85594699320976],[-73.79311537800541,40.85637218147506],[-73.7919370027975,40.85640515792211],[-73.7930688668018,40.85667979474305],[-73.79179264535284,40.85671985281914],[-73.79220265950255,40.857146000410324],[-73.79301264383002,40.857003026043174],[-73.79189451913093,40.857437121865246],[-73.79209332504097,40.85715798994716],[-73.79178529423255,40.85777542585555],[-73.79044190145544,40.857916534098614],[-73.79018745195006,40.858609917386154]]],[[[-73.76783205637169,40.85444220574204],[-73.77118378010577,40.846944513312096],[-73.77267130532913,40.85209888878221],[-73.77290429476201,40.852387192161196],[-73.77227536313357,40.85343713536383],[-73.7726943063983,40.853957512997034],[-73.7722060690112,40.85536488384099],[-73.77220755388524,40.85859230561818],[-73.76783205637169,40.85444220574204]]],[[[-73.78452431937968,40.86047706314781],[-73.78436807918105,40.85987830305205],[-73.78462528561678,40.85942042497647],[-73.7848765433705,40.85905832709177],[-73.78518853442694,40.858889057638116],[-73.78529633019853,40.85897932873801],[-73.78548075336806,40.85901570093844],[-73.78568065813849,40.85915618155191],[-73.7862917796748,40.85931143541398],[-73.78689932903508,40.858936264645834],[-73.78736608944583,40.85889309138495],[-73.78713520321364,40.85937104019999],[-73.7870785851054,40.859763242296644],[-73.78685886773305,40.86004505783956],[-73.78576157641788,40.860225169315676],[-73.78494355332279,40.8604598311822],[-73.78452431937968,40.86047706314781]]],[[[-73.77290231992446,40.86120858327847],[-73.77323150189409,40.86074716958696],[-73.7735126416569,40.86124118408705],[-73.77310632921939,40.86161457503282],[-73.77290231992446,40.86120858327847]]],[[[-73.77460156350935,40.86206904745972],[-73.7746338367722,40.861816890583064],[-73.77482736581824,40.86166663719394],[-73.77492858842477,40.861467809384706],[-73.77498548888052,40.861367045323824],[-73.77510807711042,40.86122142332021],[-73.77530191604178,40.86124429388045],[-73.77527340232493,40.86144667092544],[-73.77509316704673,40.861648071157795],[-73.77487254969279,40.86184462090921],[-73.77477043454246,40.86204140094883],[-73.77460156350935,40.86206904745972]]],[[[-73.78312589594478,40.862856167300635],[-73.78295589471787,40.86279723281154],[-73.78290505414361,40.86255297354776],[-73.78289575072033,40.86235006017811],[-73.78303721101207,40.86217388388074],[-73.78318983477924,40.86220540722532],[-73.78322558458967,40.862438100341386],[-73.78316056266722,40.86262521709974],[-73.7832715047434,40.86275099251027],[-73.78312589594478,40.862856167300635]]],[[[-73.78401249138905,40.86313199407436],[-73.78369885872449,40.863134889029766],[-73.78354391074066,40.86303585771483],[-73.783777332747,40.86292608664394],[-73.78372741840663,40.862712653661184],[-73.78391453469666,40.862507752337955],[-73.78423274486096,40.862534636647986],[-73.78463228171134,40.862534371932846],[-73.78454392939926,40.862674748042814],[-73.78444824869845,40.86302137278435],[-73.78416827678383,40.86311184855092],[-73.78414276900337,40.863191264967256],[-73.78401249138905,40.86313199407436]]],[[[-73.76964988627101,40.865485572424426],[-73.76979148260504,40.86512823356439],[-73.77022931630275,40.86513893939607],[-73.77006897299819,40.86552587618339],[-73.76964988627101,40.865485572424426]]],[[[-73.76668965841931,40.867097781624544],[-73.76709907439795,40.86670457274816],[-73.76779449382019,40.86678117376538],[-73.76760072096499,40.86749638654145],[-73.76668965841931,40.867097781624544]]],[[[-73.77080975398201,40.87154994684791],[-73.76990710668555,40.87047694447026],[-73.77109611675695,40.87069300521903],[-73.7728804266524,40.87124526343027],[-73.7721778649229,40.87198111068933],[-73.77080975398201,40.87154994684791]]],[[[-73.78648510546591,40.87320925495039]]],[[[-73.7860539496491,40.873782646192794],[-73.78618924358643,40.87359972769971],[-73.78633325996711,40.873677724887465],[-73.78632872330336,40.87380492844093],[-73.78619463716475,40.873885319414654],[-73.7860539496491,40.873782646192794]]],[[[-73.77435244645234,40.87416995587484],[-73.7739761093507,40.87459940192133],[-73.77435244645234,40.87416995587484]]],[[[-73.78241811865317,40.87492327042177],[-73.78265785360907,40.87479265669403],[-73.78280207510412,40.87494886620534],[-73.78266372854155,40.875136564444944],[-73.78247604125526,40.87516813337887],[-73.78241811865317,40.87492327042177]]],[[[-73.78103351104956,40.87648400204773],[-73.78120649649388,40.87628502546014],[-73.78132704118009,40.87636132654637],[-73.78112767478167,40.87665268050814],[-73.78103351104956,40.87648400204773]]],[[[-73.78650554049729,40.8809401344792],[-73.7867723881826,40.88013589624923],[-73.78650554049729,40.8809401344792]]],[[[-73.87294860352858,40.90444102266826],[-73.86179625940605,40.90111912228751],[-73.8593969864738,40.90060610947279],[-73.85938576822906,40.90190494089279],[-73.85816000004857,40.902305710202725],[-73.85743457618352,40.904841543197875],[-73.85692398180079,40.90597417011104],[-73.8547107833966,40.908006309942955],[-73.85266035892214,40.91001519315817],[-73.85228059645138,40.90708126662502],[-73.84489264909257,40.90419086679618],[-73.84054892575905,40.90126937936631],[-73.8391888049779,40.89888682221804],[-73.83267808677589,40.892601826335806],[-73.82248620413196,40.890098054404326],[-73.81574261438453,40.889197336904225],[-73.80483870702061,40.886473964097995],[-73.79300652649026,40.88335873788553],[-73.79891245463621,40.87464589314288],[-73.80358314939252,40.86994806102859],[-73.80695275224397,40.86965794817586],[-73.79693375040269,40.87262338150206],[-73.79218928228394,40.879511883286064],[-73.79005864434488,40.8810781162332],[-73.78712640734628,40.87898290341334],[-73.78719087560508,40.872730553729134],[-73.78439311743479,40.87278409492873],[-73.7832426407443,40.87125516094621],[-73.78521800238876,40.86913652413009],[-73.78901059796523,40.869663275452666],[-73.79245017939141,40.86069864952371],[-73.79335942097592,40.860051958965265],[-73.79486983866906,40.85807555125802],[-73.79428256679103,40.856840199702475],[-73.7946170904728,40.85643644981368],[-73.79751616908355,40.855600944705465],[-73.79895292443405,40.85377320719195],[-73.79780522990599,40.85194959859705],[-73.79987767797046,40.848981525193935],[-73.8002388856897,40.84817098129818],[-73.80131873850283,40.8485967776231],[-73.80172173366003,40.84976281463483],[-73.80353684022054,40.85246299713212],[-73.8042218519405,40.85516203935425],[-73.80356308614844,40.85542034203032],[-73.80405246302168,40.85750505118683],[-73.80456624045212,40.859681396965584],[-73.80490957127012,40.861668185444536],[-73.80624571930771,40.861427484442444],[-73.80682014229023,40.860096224162966],[-73.80761177807196,40.86039244271263],[-73.80776247540255,40.86038809227276],[-73.80779389945404,40.860216107571254],[-73.80796515779018,40.860065513350236],[-73.80814819692714,40.859808971457966],[-73.80770898211448,40.85900576362042],[-73.80761091654935,40.85855110957019],[-73.80839608035436,40.859754200291036],[-73.80997397138594,40.86129382162936],[-73.81058735671776,40.862041725139406],[-73.81082703718377,40.86230043132757],[-73.81180717293086,40.86268103057861],[-73.81214870386351,40.862734907487706],[-73.8122691833951,40.862754472669856],[-73.81230939110898,40.86287493986249],[-73.81305214417429,40.86323950411325],[-73.81328440545168,40.86322822830442],[-73.8136881532031,40.86382194961645],[-73.81402791809282,40.86390520170458],[-73.81448465164267,40.8631862157913],[-73.81641392102729,40.86118062770387],[-73.8164977282716,40.85401620609716],[-73.81699272677284,40.85301646912293],[-73.8171332652,40.8523466624712],[-73.81719039626155,40.85176989361125],[-73.81708724951116,40.85154017967316],[-73.81685873870751,40.85095737599869],[-73.81611013201417,40.85081571307261],[-73.81603568133825,40.850602669116306],[-73.81573266022274,40.849538449481905],[-73.81528550608488,40.84896321754721],[-73.81576246982652,40.84818168006499],[-73.8156045139199,40.8476586831621],[-73.81617026811986,40.84701547486435],[-73.81568770320887,40.846341840348664],[-73.81457540884608,40.847124816995624],[-73.81569104659472,40.84631082662619],[-73.81496569829837,40.84652017377913],[-73.81427876523466,40.846848083973626],[-73.81381218552609,40.8471164085685],[-73.81364472782937,40.847190243199236],[-73.81411261428397,40.846921919211155],[-73.81465507970384,40.84596849742513],[-73.81314460200244,40.846168562138686],[-73.8136722010049,40.84564653246905],[-73.8136062734688,40.84533285629327],[-73.81333092964157,40.84588690276115],[-73.81343964459104,40.84565015839785],[-73.8135833436442,40.8453454641151],[-73.81318496869366,40.84542686732865],[-73.81296109021672,40.8459570091652],[-73.81272457676769,40.84628661994709],[-73.8130425098637,40.84573352064155],[-73.81321883271904,40.84530004019003],[-73.81286150958849,40.84517498772248],[-73.81258526774714,40.845880039579306],[-73.81232960133008,40.846541511832484],[-73.81251930423116,40.8460090167925],[-73.81267740391039,40.84559920533424],[-73.81284143551396,40.84518017067741],[-73.81254457815615,40.844979598008294],[-73.81202665039861,40.84655098187621],[-73.81231816792594,40.845187306515726],[-73.81262135209097,40.84432313360275],[-73.81272698328193,40.84446893860943],[-73.81277607099776,40.84448005192654],[-73.8127033728049,40.84448531243238],[-73.81304510205852,40.84471754979041],[-73.81264025469781,40.84495917724791],[-73.81344958137993,40.84496082485145],[-73.81378135146434,40.84499397175676],[-73.81411591388151,40.84476412450853],[-73.81418653212447,40.84472541594575],[-73.81372273148038,40.844451988439126],[-73.81337679294299,40.84395745956462],[-73.81377246115277,40.84352516201442],[-73.81433902344891,40.843254478492234],[-73.81453028230085,40.84325409145745],[-73.81510646166642,40.843615310429826],[-73.8154057350855,40.844156172591916],[-73.8156950097169,40.84438833717253],[-73.8160094133921,40.84439111666641],[-73.81598496513935,40.844193548613774],[-73.81641400672656,40.843996482667194],[-73.81649636754571,40.844119464021105],[-73.8165480357964,40.844117130398594],[-73.81677136427744,40.84413914476042],[-73.81705951844776,40.84411936792764],[-73.8170752699142,40.84425190578928],[-73.8174111925373,40.84433428898618],[-73.81819010110497,40.844257218218644],[-73.81814670636906,40.8441115759458],[-73.81768994519021,40.84426849557085],[-73.81723673532672,40.84395489621978],[-73.81661236142156,40.84386215716094],[-73.81635233182165,40.84348121806069],[-73.81593877753967,40.84289193312015],[-73.81540599274844,40.84235379026753],[-73.81559206830931,40.84190381376299],[-73.81526263397679,40.84125983942302],[-73.81522135566165,40.84096792894293],[-73.81497890551918,40.840551141246124],[-73.81497336213282,40.840076884697815],[-73.81470935814198,40.83976272776755],[-73.81438444888585,40.839635044333015],[-73.81540002409554,40.83881569859166],[-73.8158472115133,40.8386615862932],[-73.81628730390074,40.83793427254652],[-73.816415252095,40.837150459128736],[-73.81618326520274,40.83634301401464],[-73.81556838162074,40.835976376290915],[-73.81606339574219,40.83577292747369],[-73.81567804623131,40.83553183609791],[-73.81608188313601,40.835361182400185],[-73.81607054775075,40.83475503363249],[-73.81566358139257,40.83449084930691],[-73.81601183016512,40.834030219292856],[-73.81578412892192,40.83347353498162],[-73.81580692689245,40.83316968282728],[-73.81552626574155,40.83244031603439],[-73.81534851485664,40.83207870036745],[-73.81503125254117,40.83168211701787],[-73.81504832595066,40.83146395566524],[-73.81487937388592,40.8310300864914],[-73.81452008577703,40.830622875794255],[-73.81438383728971,40.83049697476876],[-73.8138567197728,40.830561442922644],[-73.81386793788153,40.83000312971867],[-73.8138574204293,40.82969339899325],[-73.81361110494197,40.829376758961075],[-73.81345847285759,40.829290038748105],[-73.81309840343982,40.8289435648927],[-73.8131247229838,40.828837370420565],[-73.81314783102384,40.828716346500016],[-73.81282141350376,40.82850210002994],[-73.81106501438026,40.82829346064885],[-73.80992799237667,40.82819322227225],[-73.81006571750211,40.82783115818529],[-73.8109219160018,40.82799169144537],[-73.81027562551789,40.8278177168324],[-73.81149137016064,40.82782384188008],[-73.8113909490107,40.82798490548759],[-73.81256990430906,40.82784520141241],[-73.81279793343214,40.82748800469186],[-73.81359532607141,40.82690909972045],[-73.81389062271667,40.826660051135754],[-73.81368565624895,40.826368575990585],[-73.81378411809065,40.8261924278859],[-73.81402301263928,40.825874938203086],[-73.81379616082245,40.825576382404385],[-73.81356857982074,40.82523635052958],[-73.81294709154047,40.82525186737314],[-73.81308316485998,40.82497702021322],[-73.81403579807281,40.824363285208236],[-73.81300354722492,40.82421912588164],[-73.81282365660893,40.82462458268777],[-73.81263921487134,40.82471475042111],[-73.81195839613524,40.824335274632205],[-73.81155844768892,40.82451209023507],[-73.81120379684039,40.82478211456257],[-73.81084728678654,40.82487249096481],[-73.81029687386904,40.825164926813216],[-73.80930446315843,40.82558578886223],[-73.8084692265089,40.82586033865238],[-73.80775957168115,40.82579093275984],[-73.80727567651671,40.82550216477541],[-73.80680811003214,40.82494198271785],[-73.80663305925734,40.82455197774059],[-73.80652125397438,40.82421451915926],[-73.80664809366596,40.82381137674553],[-73.80668314901997,40.823509312939706],[-73.8065101867103,40.82315261172039],[-73.80608232613056,40.82283560918261],[-73.80590748413397,40.82148477084866],[-73.80429725730734,40.81874040049198],[-73.80288339224211,40.81823100031585],[-73.80233422077423,40.81849426583146],[-73.80171011541324,40.81830567455008],[-73.80061491137688,40.81796563948056],[-73.79989909088272,40.81740466743491],[-73.79812765294616,40.816814069979316],[-73.79771465236784,40.81551329274339],[-73.80151992552116,40.812554047115945],[-73.80212109920623,40.81277700493557],[-73.80295404275847,40.8124469708149],[-73.80355554841336,40.81252779548774],[-73.80377912019884,40.812809906043],[-73.80423653201755,40.81364652799323],[-73.80389636709299,40.813345895240346],[-73.80338820741235,40.81312996652126],[-73.80329365293568,40.813375858613576],[-73.80370197676173,40.8136782368844],[-73.80424913836397,40.814127100719965],[-73.80409350211185,40.81401268257776],[-73.80370996088206,40.81372102427258],[-73.80346026692783,40.813452907857055],[-73.80436017115777,40.81456966841472],[-73.80461752374792,40.81505901320184],[-73.8050324878157,40.81551136188457],[-73.80619919500415,40.816287070772766],[-73.80611761373618,40.81595220932606],[-73.8057850637182,40.81572463491667],[-73.80541005396142,40.815505275337735],[-73.80482922720196,40.81492517815443],[-73.804739207941,40.814792059084844],[-73.80524250456502,40.81534064421273],[-73.8057155526625,40.81565156845244],[-73.80645187010596,40.81632580611449],[-73.80671967987068,40.81657517074692],[-73.80675616662525,40.8162639019693],[-73.80689929569037,40.81648403113639],[-73.80640177811458,40.8157020306495],[-73.80518396072651,40.813235892206215],[-73.80295467022954,40.81096515449446],[-73.80010949916638,40.80971095407826],[-73.79144335489723,40.80696409064269],[-73.79135579322275,40.80725545526744],[-73.7915412335731,40.80748027588564],[-73.79075924419675,40.807065583759936],[-73.79028410874173,40.80481710368879],[-73.79224529219167,40.80399636431484],[-73.7936554050282,40.80438665196935],[-73.79577769393997,40.80616294902918],[-73.80057684375761,40.80831182476151],[-73.80266088412857,40.80911748306436],[-73.80367523090008,40.8085852689989],[-73.80400670107936,40.80863440527083],[-73.80511892265709,40.80939693436305],[-73.80713987884192,40.81066167645373],[-73.80875356774895,40.81228884913059],[-73.81042488566074,40.81298055690016],[-73.8109336319681,40.81289512854646],[-73.81133318625714,40.813014675039184],[-73.81185065747444,40.81293940004024],[-73.81255145273774,40.81312818866179],[-73.81356245602223,40.813329972907034],[-73.8140031906606,40.813551467265846],[-73.81446965693053,40.81290646864015],[-73.81501777001847,40.813541100741375],[-73.81735481547982,40.81357790828957],[-73.81793912728293,40.81339555608652],[-73.81807968272174,40.813492311624415],[-73.81956231040618,40.81321848131102],[-73.82049024326344,40.812836449195565],[-73.820420879506,40.812638072505194],[-73.8210583806943,40.812977182776216],[-73.82126609620761,40.812848276143576],[-73.82170205886847,40.81275335780746],[-73.8222711436295,40.81254003518731],[-73.8233946802049,40.81235588549544],[-73.8236208973293,40.812276569873475],[-73.82463817629358,40.81173996414996],[-73.82487876522181,40.81151019708599],[-73.82526664318085,40.811752347898484],[-73.82567229084798,40.811584743730364],[-73.82565308444988,40.81121219752258],[-73.8261776483415,40.811293542413786],[-73.8274445000356,40.81144145726024],[-73.82968780038979,40.81107013529977],[-73.83147437789097,40.809775148304844],[-73.83222593008117,40.80811465907796],[-73.83177925796892,40.80673927729038],[-73.83162687504965,40.80659095695197],[-73.83198917699319,40.80645109329343],[-73.83167187882664,40.80540184164405],[-73.833277269338,40.804995584813824],[-73.83691225653237,40.80592909422706],[-73.83806598730587,40.807122676914226],[-73.83838464038143,40.80840870739012],[-73.83908458585898,40.809612436551895],[-73.84017805289491,40.81134487293481],[-73.84039027961542,40.81266380802454],[-73.8398875449557,40.81375800405186],[-73.83961742551557,40.81538184382538],[-73.83974355943761,40.81640607150279],[-73.84019020523161,40.81718827305636],[-73.83982211939362,40.81817921466233],[-73.83893197127135,40.82132893403106],[-73.83905358783927,40.822505042589384],[-73.83944934873251,40.82326535508345],[-73.83999934830813,40.824205904858],[-73.84114422392047,40.826349167204796],[-73.84228428375918,40.82864660498271],[-73.83918095199306,40.833156118752484],[-73.8389651567291,40.835006315757816],[-73.83924585035886,40.83759254584923],[-73.84022375735448,40.83913683912727],[-73.84013531533373,40.838614177420006],[-73.83995029818122,40.83758389658753],[-73.83969302493072,40.83610499969064],[-73.8398179294371,40.83595879533938],[-73.8396085040031,40.835708050684524],[-73.83968226014203,40.835675810016035],[-73.83966494873256,40.83546429744529],[-73.83960332994586,40.83524234044176],[-73.8395758674236,40.835032232653354],[-73.8395483074206,40.83486225144247],[-73.83959530972281,40.83470181460232],[-73.83975991178131,40.8337178974958],[-73.84270324854317,40.83074502666989],[-73.84291548074187,40.82862246867614],[-73.84246322388863,40.82737496051713],[-73.84100637880962,40.82424102710956],[-73.83995959459736,40.8219998607424],[-73.84010069135863,40.82032276172767],[-73.84061881496072,40.81954950077844],[-73.84156703725516,40.81894043221164],[-73.84306379033738,40.81655864502672],[-73.84438736896745,40.81364513082711],[-73.84576561702228,40.811582278841975],[-73.84876286855345,40.81290468611953],[-73.85262058756429,40.8145057492793],[-73.85374358027234,40.813645833153984],[-73.8538501105715,40.81357141220993],[-73.85261014676429,40.813729346109625],[-73.8508392618167,40.81339204169613],[-73.84965010449874,40.81275188177085],[-73.84908240942394,40.81183103394668],[-73.84924827523388,40.811122263471],[-73.84952977419135,40.810278221124975],[-73.84976011634079,40.80964521322045],[-73.8498466251808,40.809252328753],[-73.84974778878312,40.80891364015454],[-73.84990773115476,40.80850093609063],[-73.84961166420389,40.808124185051184],[-73.8491025592305,40.807769287458996],[-73.84828163452265,40.80624069971057],[-73.84825364831521,40.80490100697119],[-73.84883562500315,40.8047966511692],[-73.84931788941786,40.80466146570313],[-73.85013436531706,40.80458810722982],[-73.85204922599489,40.80459911624101],[-73.85517605191562,40.804495528603326],[-73.85626807997807,40.80488299357139],[-73.85589835705079,40.80516906078401],[-73.85712145614185,40.80533047515874],[-73.85683421024345,40.80490927121791],[-73.8587828442472,40.805978073487715],[-73.85836249716981,40.805982077295894],[-73.85841908323424,40.8064115216439],[-73.85888908854805,40.80668849084065],[-73.85897431305875,40.80623623656642],[-73.85919545024478,40.8062698778297],[-73.85925775276077,40.80754267300776],[-73.85857242494635,40.80731467797298],[-73.85947161492857,40.8099051142651],[-73.8599234115955,40.80940215340927],[-73.8593389430534,40.809011329453746],[-73.8593557823684,40.808603411972804],[-73.85937803177092,40.80816393673633],[-73.85965403864148,40.808867009661796],[-73.86065965813648,40.809631903064634],[-73.87651996033631,40.81613106342415],[-73.87203687539935,40.81368551337266],[-73.87151855030298,40.80187414888814],[-73.87297862944651,40.800250689026456],[-73.87355096572507,40.80085330277184],[-73.87790646495212,40.80227180102014],[-73.87975704576839,40.80274345376419],[-73.881430829576,40.80249477276172],[-73.8824477508195,40.80235121209341],[-73.88380941028201,40.80212219573659],[-73.88366893088873,40.801913345967975],[-73.88531087058678,40.802253326772586],[-73.88591424672617,40.80279851699298],[-73.8873809562422,40.80411068128388],[-73.88938265718083,40.80531020813596],[-73.88954478026056,40.80580707619277],[-73.89013594081207,40.805714690947454],[-73.89149903729998,40.80593123874307],[-73.89167604184019,40.80515095314254],[-73.89146488860797,40.80504398744601],[-73.89256667738414,40.805620710004646],[-73.8939524809126,40.80624677353251],[-73.89472970526681,40.80574110146166],[-73.89527962874011,40.805766184067906],[-73.89583838073102,40.80654060757189],[-73.89619572352197,40.80632406352666],[-73.89738639439204,40.8062246171367],[-73.89787360834981,40.80617953999495],[-73.89826275488726,40.805890938490386],[-73.89812006940488,40.80566487191547],[-73.89852656516605,40.80543430909791],[-73.89889072251066,40.805377547666026],[-73.89907875965567,40.80532489504532],[-73.89923122845227,40.805294711791916],[-73.89951900100995,40.80524854034684],[-73.90091131597104,40.804899332856564],[-73.90209087249123,40.80481032537106],[-73.90216911883253,40.804926370214915],[-73.90219185700565,40.80482326064536],[-73.90292770331091,40.80419729170911],[-73.9033172742118,40.803775282455135],[-73.90376599453886,40.80375345467902],[-73.9040705530348,40.80352097714818],[-73.90467203828258,40.803014796698264],[-73.90515780873866,40.80243026086637],[-73.90606336502243,40.80158339144959],[-73.907178727963,40.80032263355821],[-73.9076305269052,40.799931684882274],[-73.90787127636881,40.79952258966646],[-73.90813152403737,40.79943130077593],[-73.90825579566472,40.799092868181106],[-73.90991082881702,40.79785886102841],[-73.91095679669982,40.79698947591851],[-73.91188561236638,40.79663375359553],[-73.9137225597358,40.79678943875867],[-73.92132730778516,40.8012845916314],[-73.92743689902511,40.80327744169371],[-73.9305364505973,40.80647027694294],[-73.93259434647317,40.81005355686678],[-73.93247701797107,40.81342360783497],[-73.93238847555843,40.81946002788712],[-73.93270505627349,40.824559724000416],[-73.93307251068158,40.828156152036215],[-73.93347901189776,40.83325291852931],[-73.93095819766839,40.83925414691299],[-73.9304832452105,40.84046006056709],[-73.92808209373689,40.84539159683354],[-73.9273019449863,40.84650686737612],[-73.92675777037056,40.84733590162722],[-73.92593957829563,40.84827119335975],[-73.92256178946536,40.853188911527305],[-73.92044141417739,40.85574613630994],[-73.91580528008551,40.860469735856086],[-73.91461141238214,40.86207254996348],[-73.91273054020903,40.86390979027694],[-73.91034827112131,40.86674233611599],[-73.90872046391381,40.87222866558932],[-73.90765281705262,40.87742802285939],[-73.91733338910988,40.87580205921552],[-73.91827974003701,40.87585594582048],[-73.92005645945063,40.87665692050947],[-73.92206723651888,40.878572414802946],[-73.92279794451156,40.87893209156761],[-73.92359172553137,40.87895215933268],[-73.92417999621641,40.87900522613764],[-73.92490327473084,40.87888836785315],[-73.91800263585222,40.89400861634827],[-73.91672314187358,40.89748694248998],[-73.91288586402996,40.90758712053753],[-73.91310863924065,40.90784448415002],[-73.91228107016755,40.909193361094815],[-73.91150045783574,40.91296826932599],[-73.91122089804243,40.91418559131998],[-73.91033256848912,40.91553277700519],[-73.88599854987646,40.90829712497219],[-73.87786550376559,40.90586920985473],[-73.87294860352858,40.90444102266826]]]]}}]}